team_name,model,task,test_score,test_score_std,primary_score,error,embedding_dim,embedding_secs,prediction_gpu_device_name,test_aucroc,test_mAP,test_d_prime,test_top1_acc,test_event_onset_200ms_fms,test_segment_1s_er,test_pitch_acc,test_chroma_acc,test_event_onset_50ms_fms,test_event_onset_offset_50ms_20perc_fms,test_segment_1s_er_error_rate
NTU-GURA,fusion_cat_xwc,vox_lingua_top10-hear2021-full,0.7201850533,0.02138737091,test_top1_acc,,3072,80.58154368,A100-SXM4-40GB,,,,0.7201850533,,,,,,,
NTU-GURA,fusion_hubert_xlarge,vox_lingua_top10-hear2021-full,0.7139677644,0.03189849625,test_top1_acc,,1280,50.10452175,A100-SXM4-40GB,,,,0.7139677644,,,,,,,
NTU-GURA,cat_hubert_wav2vec2,vox_lingua_top10-hear2021-full,0.7057943463,0.03327559694,test_top1_acc,,2048,52.75954294,A100-SXM4-40GB,,,,0.7057943463,,,,,,,
NTU-GURA,fusion_wav2vec2,vox_lingua_top10-hear2021-full,0.7057784796,0.03347039479,test_top1_acc,,1024,27.58171988,A100-SXM4-40GB,,,,0.7057784796,,,,,,,
NTU-GURA,avg_hubert_wav2vec2,vox_lingua_top10-hear2021-full,0.6903568625,0.0322726479,test_top1_acc,,1024,49.22341704,A100-SXM4-40GB,,,,0.6903568625,,,,,,,
NTU-GURA,hubert_xlarge,vox_lingua_top10-hear2021-full,0.6368437767,0.03505234395,test_top1_acc,,1280,49.65489602,A100-SXM4-40GB,,,,0.6368437767,,,,,,,
NTU-GURA,fusion_cat_xwc_time,vox_lingua_top10-hear2021-full,0.6285963535,0.04977173805,test_top1_acc,,15360,80.68673873,A100-SXM4-40GB,,,,0.6285963535,,,,,,,
HEAR,wav2vec2,vox_lingua_top10-hear2021-full,0.4928152204,0.02746457461,test_top1_acc,,1024,27.67919707,A100-SXM4-40GB,,,,0.4928152204,,,,,,,
NTU-GURA,cat_xwc,vox_lingua_top10-hear2021-full,0.4599312723,0.03623568493,test_top1_acc,,3072,84.62748599,A100-SXM4-40GB,,,,0.4599312723,,,,,,,
Logitech AI,serab_byols,vox_lingua_top10-hear2021-full,0.4578059733,0.02295782606,test_top1_acc,,2048,6.669979334,A100-SXM4-40GB,,,,0.4578059733,,,,,,,
MARL + Soundsensing,openl3_hear,vox_lingua_top10-hear2021-full,0.3312979102,0.05209515891,test_top1_acc,,512,79.21147346,A100-SXM4-40GB,,,,0.3312979102,,,,,,,
NTU-GURA,avg_xwc,vox_lingua_top10-hear2021-full,0.3210150659,0.04050230914,test_top1_acc,,1024,79.51293421,A100-SXM4-40GB,,,,0.3210150659,,,,,,,
NTU-GURA,cat_wc,vox_lingua_top10-hear2021-full,0.3096695721,0.01270296077,test_top1_acc,,2048,31.37547255,A100-SXM4-40GB,,,,0.3096695721,,,,,,,
NTU-GURA,avg_hubert_crepe,vox_lingua_top10-hear2021-full,0.2932434559,0.0226497711,test_top1_acc,,1024,55.69676065,A100-SXM4-40GB,,,,0.2932434559,,,,,,,
CP-JKU,base,vox_lingua_top10-hear2021-full,0.2593021393,0.03821368889,test_top1_acc,,1295,124.9893584,A100-SXM4-40GB,,,,0.2593021393,,,,,,,
CP-JKU,base2level,vox_lingua_top10-hear2021-full,0.2593021393,0.03821368889,test_top1_acc,,1295,115.2471325,A100-SXM4-40GB,,,,0.2593021393,,,,,,,
CP-JKU,base2levelmel,vox_lingua_top10-hear2021-full,0.2593021393,0.03821368889,test_top1_acc,,1295,114.9776576,A100-SXM4-40GB,,,,0.2593021393,,,,,,,
RedRice,efficient_latent,vox_lingua_top10-hear2021-full,0.2551308453,0.02295203774,test_top1_acc,,1408,8.3858459,A100-SXM4-40GB,,,,0.2551308453,,,,,,,
Stellenbosch LSL,audio_dbert,vox_lingua_top10-hear2021-full,0.2458524972,0.04487845631,test_top1_acc,,2048,16.2153163,A100-SXM4-40GB,,,,0.2458524972,,,,,,,
CVSSP,panns_hear,vox_lingua_top10-hear2021-full,0.2438329369,0.02083137302,test_top1_acc,,2048,5.930350065,A100-SXM4-40GB,,,,0.2438329369,,,,,,,
UDONS,embed,vox_lingua_top10-hear2021-full,0.2243351847,0.02948301878,test_top1_acc,,768,13.60925531,A100-SXM4-40GB,,,,0.2243351847,,,,,,,
Soundsensing,yamnet_hear,vox_lingua_top10-hear2021-full,0.201649484,0.03002312167,test_top1_acc,,1024,18.41640663,A100-SXM4-40GB,,,,0.201649484,,,,,,,
Descript/MARL,wav2clip_hear,vox_lingua_top10-hear2021-full,0.192371133,0.03536761613,test_top1_acc,,512,3.924509287,A100-SXM4-40GB,,,,0.192371133,,,,,,,
ID56-SSL,kwmlp,vox_lingua_top10-hear2021-full,0.1810890824,0.01543720485,test_top1_acc,,1024,4.290110111,A100-SXM4-40GB,,,,0.1810890824,,,,,,,
ibkuroyagi,hearline,vox_lingua_top10-hear2021-full,0.1800581545,0.02345439278,test_top1_acc,,512,11.55454898,A100-SXM4-40GB,,,,0.1800581545,,,,,,,
AMAAI,my_model,vox_lingua_top10-hear2021-full,0.1685699195,0.07743555473,test_top1_acc,,768,11.17861629,A100-SXM4-40GB,,,,0.1685699195,,,,,,,
HEAR,torchcrepe,vox_lingua_top10-hear2021-full,0.1419825524,0.006063467664,test_top1_acc,,2048,7.764435291,A100-SXM4-40GB,,,,0.1419825524,,,,,,,
ID56-SSL,audiomlp,vox_lingua_top10-hear2021-full,0.1286069244,0.03061692227,test_top1_acc,,1584,5.59446311,A100-SXM4-40GB,,,,0.1286069244,,,,,,,
AMAAI Lab,wav2vec2_ddsp,vox_lingua_top10-hear2021-full,0.1059846669,0.02023660828,test_top1_acc,,871,427.3935895,A100-SXM4-40GB,,,,0.1059846669,,,,,,,
NTU-GURA,fusion_cat_xwc_time,vocal_imitation-v1.1.3-full,0.2152138948,0.007118330114,test_mAP,,15360,607.061424,A100-SXM4-40GB,,0.2152138948,,0.1956793418,,,,,,,
NTU-GURA,fusion_cat_xwc,vocal_imitation-v1.1.3-full,0.1968767891,0.01016358364,test_mAP,,3072,607.4242024,A100-SXM4-40GB,,0.1968767891,,0.18460989,,,,,,,
NTU-GURA,fusion_hubert_xlarge,vocal_imitation-v1.1.3-full,0.1848285844,0.01013771828,test_mAP,,1280,518.6149421,A100-SXM4-40GB,,0.1848285844,,0.1722906629,,,,,,,
CP-JKU,base,vocal_imitation-v1.1.3-full,0.1820111672,0.009389497997,test_mAP,,1295,1209.556448,A100-SXM4-40GB,,0.1820111672,,0.1622924457,,,,,,,
CP-JKU,base2level,vocal_imitation-v1.1.3-full,0.1820111672,0.009389497997,test_mAP,,1295,1208.887782,A100-SXM4-40GB,,0.1820111672,,0.1622924457,,,,,,,
CP-JKU,base2levelmel,vocal_imitation-v1.1.3-full,0.1820111672,0.009389497997,test_mAP,,1295,1209.479679,A100-SXM4-40GB,,0.1820111672,,0.1622924457,,,,,,,
NTU-GURA,fusion_wav2vec2,vocal_imitation-v1.1.3-full,0.1740398606,0.0132093256,test_mAP,,1024,347.0164552,A100-SXM4-40GB,,0.1740398606,,0.1601499716,,,,,,,
NTU-GURA,cat_hubert_wav2vec2,vocal_imitation-v1.1.3-full,0.1659112573,0.006427412152,test_mAP,,2048,295.4806054,A100-SXM4-40GB,,0.1659112573,,0.1574718803,,,,,,,
NTU-GURA,avg_hubert_wav2vec2,vocal_imitation-v1.1.3-full,0.164907823,0.008240571425,test_mAP,,1024,494.8092177,A100-SXM4-40GB,,0.164907823,,0.1530083915,,,,,,,
Stellenbosch LSL,audio_dbert,vocal_imitation-v1.1.3-full,0.1611349632,0.01068334909,test_mAP,,2048,266.366559,A100-SXM4-40GB,,0.1611349632,,0.144617036,,,,,,,
Logitech AI,serab_byols,vocal_imitation-v1.1.3-full,0.1598111937,0.01174213249,test_mAP,,2048,23.86719918,A100-SXM4-40GB,,0.1598111937,,0.1478307446,,,,,,,
NTU-GURA,hubert_xlarge,vocal_imitation-v1.1.3-full,0.1539940685,0.0091232165,test_mAP,,1280,517.4999955,A100-SXM4-40GB,,0.1539940685,,0.1422960162,,,,,,,
RedRice,efficient_latent,vocal_imitation-v1.1.3-full,0.1384509554,0.009661623024,test_mAP,,1408,325.5232592,A100-SXM4-40GB,,0.1384509554,,0.1339046657,,,,,,,
CVSSP,panns_hear,vocal_imitation-v1.1.3-full,0.1270070871,0.007564739621,test_mAP,,2048,310.1619,A100-SXM4-40GB,,0.1270070871,,0.1156936238,,,,,,,
NTU-GURA,cat_xwc,vocal_imitation-v1.1.3-full,0.111380433,0.007801372085,test_mAP,,3072,547.8475025,A100-SXM4-40GB,,0.111380433,,0.1092661992,,,,,,,
Soundsensing,yamnet_hear,vocal_imitation-v1.1.3-full,0.0847094506,0.006596513377,test_mAP,,1024,56.12787247,A100-SXM4-40GB,,0.0847094506,,0.08034279694,,,,,,,
NTU-GURA,avg_xwc,vocal_imitation-v1.1.3-full,0.08414589862,0.007391196161,test_mAP,,1024,456.7425077,A100-SXM4-40GB,,0.08414589862,,0.08177111049,,,,,,,
Descript/MARL,wav2clip_hear,vocal_imitation-v1.1.3-full,0.08333782852,0.0132375858,test_mAP,,512,185.3525023,A100-SXM4-40GB,,0.08333782852,,0.07337975129,,,,,,,
HEAR,wav2vec2,vocal_imitation-v1.1.3-full,0.08005668471,0.005601500606,test_mAP,,1024,304.5318367,A100-SXM4-40GB,,0.08005668471,,0.06838064641,,,,,,,
NTU-GURA,avg_hubert_crepe,vocal_imitation-v1.1.3-full,0.07895493507,0.003757012335,test_mAP,,1024,482.2057805,A100-SXM4-40GB,,0.07895493507,,0.07945009818,,,,,,,
MARL + Soundsensing,openl3_hear,vocal_imitation-v1.1.3-full,0.0781204775,0.01103950705,test_mAP,,512,291.7217441,A100-SXM4-40GB,,0.0781204775,,0.05963220944,,,,,,,
NTU-GURA,cat_wc,vocal_imitation-v1.1.3-full,0.07640320808,0.009000320191,test_mAP,,2048,409.1174364,A100-SXM4-40GB,,0.07640320808,,0.07641492536,,,,,,,
AMAAI Lab,wav2vec2_ddsp,vocal_imitation-v1.1.3-full,0.07237961143,0.001154278841,test_mAP,,871,1481.951834,A100-SXM4-40GB,,0.07237961143,,0.05249062677,,,,,,,
UDONS,embed,vocal_imitation-v1.1.3-full,0.06830187887,0.004631684235,test_mAP,,768,375.2230742,A100-SXM4-40GB,,0.06830187887,,0.06195322424,,,,,,,
AMAAI,my_model,vocal_imitation-v1.1.3-full,0.06415098657,0.01210560479,test_mAP,,768,36.80680275,A100-SXM4-40GB,,0.06415098657,,0.0383860028,,,,,,,
ID56-SSL,kwmlp,vocal_imitation-v1.1.3-full,0.05607668435,0.004988227857,test_mAP,,1024,215.2630603,A100-SXM4-40GB,,0.05607668435,,0.04891983668,,,,,,,
HEAR,torchcrepe,vocal_imitation-v1.1.3-full,0.05132668962,0.004696995707,test_mAP,,2048,325.0766013,A100-SXM4-40GB,,0.05132668962,,0.04999107247,,,,,,,
ibkuroyagi,hearline,vocal_imitation-v1.1.3-full,0.03982497503,0.00102553595,test_mAP,,512,312.8779097,A100-SXM4-40GB,,0.03982497503,,0.03838600218,,,,,,,
ID56-SSL,audiomlp,vocal_imitation-v1.1.3-full,0.03759072348,0.0022226416,test_mAP,,1584,187.5259633,A100-SXM4-40GB,,0.03759072348,,0.03552936887,,,,,,,
Logitech AI,serab_byols,tfds_gtzan_music_speech-1.0.0-full,0.9532051325,0.05422889582,test_top1_acc,,2048,1.353374481,A100-SXM4-40GB,,,,0.9532051325,,,,,,,
CVSSP,panns_hear,tfds_gtzan_music_speech-1.0.0-full,0.9365384638,0.08409415865,test_top1_acc,,2048,2.577829361,A100-SXM4-40GB,,,,0.9365384638,,,,,,,
RedRice,efficient_latent,tfds_gtzan_music_speech-1.0.0-full,0.9224359035,0.08110937242,test_top1_acc,,1408,2.775566816,A100-SXM4-40GB,,,,0.9224359035,,,,,,,
Soundsensing,yamnet_hear,tfds_gtzan_music_speech-1.0.0-full,0.9147435963,0.07644975009,test_top1_acc,,1024,6.833847284,A100-SXM4-40GB,,,,0.9147435963,,,,,,,
NTU-GURA,avg_xwc,tfds_gtzan_music_speech-1.0.0-full,0.9076923132,0.1012739307,test_top1_acc,,1024,21.4455893,A100-SXM4-40GB,,,,0.9076923132,,,,,,,
MARL + Soundsensing,openl3_hear,tfds_gtzan_music_speech-1.0.0-full,0.906410259,0.08842126911,test_top1_acc,,512,15.86035633,A100-SXM4-40GB,,,,0.906410259,,,,,,,
NTU-GURA,fusion_cat_xwc_time,tfds_gtzan_music_speech-1.0.0-full,0.8923076987,0.1099877401,test_top1_acc,,15360,23.1728518,A100-SXM4-40GB,,,,0.8923076987,,,,,,,
HEAR,torchcrepe,tfds_gtzan_music_speech-1.0.0-full,0.8833333433,0.0971129705,test_top1_acc,,2048,2.794211388,A100-SXM4-40GB,,,,0.8833333433,,,,,,,
NTU-GURA,avg_hubert_crepe,tfds_gtzan_music_speech-1.0.0-full,0.8762820601,0.12641376,test_top1_acc,,1024,15.48556352,A100-SXM4-40GB,,,,0.8762820601,,,,,,,
Descript/MARL,wav2clip_hear,tfds_gtzan_music_speech-1.0.0-full,0.8685897529,0.09590422953,test_top1_acc,,512,0.9735040665,A100-SXM4-40GB,,,,0.8685897529,,,,,,,
NTU-GURA,cat_xwc,tfds_gtzan_music_speech-1.0.0-full,0.8429487228,0.1273206696,test_top1_acc,,3072,21.50129437,A100-SXM4-40GB,,,,0.8429487228,,,,,,,
NTU-GURA,cat_wc,tfds_gtzan_music_speech-1.0.0-full,0.8371794939,0.1378229893,test_top1_acc,,2048,9.455727339,A100-SXM4-40GB,,,,0.8371794939,,,,,,,
NTU-GURA,fusion_cat_xwc,tfds_gtzan_music_speech-1.0.0-full,0.8147435993,0.1665145572,test_top1_acc,,3072,21.66251636,A100-SXM4-40GB,,,,0.8147435993,,,,,,,
HEAR,wav2vec2,tfds_gtzan_music_speech-1.0.0-full,0.7660256475,0.1532886942,test_top1_acc,,1024,6.772094011,A100-SXM4-40GB,,,,0.7660256475,,,,,,,
AMAAI,my_model,tfds_gtzan_music_speech-1.0.0-full,0.7051282167,0.2291012814,test_top1_acc,,768,2.917064428,A100-SXM4-40GB,,,,0.7051282167,,,,,,,
ID56-SSL,kwmlp,tfds_gtzan_music_speech-1.0.0-full,0.6814102679,0.1350065469,test_top1_acc,,1024,1.052673101,A100-SXM4-40GB,,,,0.6814102679,,,,,,,
AMAAI Lab,wav2vec2_ddsp,tfds_gtzan_music_speech-1.0.0-full,0.6576923192,0.1766203659,test_top1_acc,,871,96.28504634,A100-SXM4-40GB,,,,0.6576923192,,,,,,,
NTU-GURA,fusion_wav2vec2,tfds_gtzan_music_speech-1.0.0-full,0.5948718101,0.1779749083,test_top1_acc,,1024,6.93295145,A100-SXM4-40GB,,,,0.5948718101,,,,,,,
NTU-GURA,cat_hubert_wav2vec2,tfds_gtzan_music_speech-1.0.0-full,0.5794871926,0.1452740011,test_top1_acc,,2048,12.26959801,A100-SXM4-40GB,,,,0.5794871926,,,,,,,
CP-JKU,base,tfds_gtzan_music_speech-1.0.0-full,0.5717948884,0.1273762429,test_top1_acc,,1295,27.54822803,A100-SXM4-40GB,,,,0.5717948884,,,,,,,
CP-JKU,base2level,tfds_gtzan_music_speech-1.0.0-full,0.5717948884,0.1273762429,test_top1_acc,,1295,29.81615973,A100-SXM4-40GB,,,,0.5717948884,,,,,,,
CP-JKU,base2levelmel,tfds_gtzan_music_speech-1.0.0-full,0.5717948884,0.1273762429,test_top1_acc,,1295,29.58904076,A100-SXM4-40GB,,,,0.5717948884,,,,,,,
NTU-GURA,hubert_xlarge,tfds_gtzan_music_speech-1.0.0-full,0.5615384758,0.1472716835,test_top1_acc,,1280,13.25059581,A100-SXM4-40GB,,,,0.5615384758,,,,,,,
NTU-GURA,avg_hubert_wav2vec2,tfds_gtzan_music_speech-1.0.0-full,0.5564102739,0.1357064768,test_top1_acc,,1024,12.25367665,A100-SXM4-40GB,,,,0.5564102739,,,,,,,
ID56-SSL,audiomlp,tfds_gtzan_music_speech-1.0.0-full,0.5538461715,0.1415814012,test_top1_acc,,1584,1.462329865,A100-SXM4-40GB,,,,0.5538461715,,,,,,,
NTU-GURA,fusion_hubert_xlarge,tfds_gtzan_music_speech-1.0.0-full,0.5282051444,0.1581543091,test_top1_acc,,1280,13.27011943,A100-SXM4-40GB,,,,0.5282051444,,,,,,,
Stellenbosch LSL,audio_dbert,tfds_gtzan_music_speech-1.0.0-full,0.4948718101,0.1480632068,test_top1_acc,,2048,4.329720974,A100-SXM4-40GB,,,,0.4948718101,,,,,,,
UDONS,embed,tfds_gtzan_music_speech-1.0.0-full,0.4564102709,0.1408571956,test_top1_acc,,768,4.652869463,A100-SXM4-40GB,,,,0.4564102709,,,,,,,
ibkuroyagi,hearline,tfds_gtzan_music_speech-1.0.0-full,0.4282051414,0.1273762429,test_top1_acc,,512,2.909797907,A100-SXM4-40GB,,,,0.4282051414,,,,,,,
MARL + Soundsensing,openl3_hear,tfds_gtzan-1.0.0-full,0.7959999979,0.04718756019,test_top1_acc,,512,88.95923972,A100-SXM4-40GB,,,,0.7959999979,,,,,,,
RedRice,efficient_latent,tfds_gtzan-1.0.0-full,0.7819999993,0.04613988012,test_top1_acc,,1408,18.96490574,A100-SXM4-40GB,,,,0.7819999993,,,,,,,
Logitech AI,serab_byols,tfds_gtzan-1.0.0-full,0.7230000019,0.02750757545,test_top1_acc,,2048,9.762827635,A100-SXM4-40GB,,,,0.7230000019,,,,,,,
CVSSP,panns_hear,tfds_gtzan-1.0.0-full,0.6599999964,0.05374838918,test_top1_acc,,2048,16.23674989,A100-SXM4-40GB,,,,0.6599999964,,,,,,,
NTU-GURA,cat_wc,tfds_gtzan-1.0.0-full,0.6079999924,0.06494442014,test_top1_acc,,2048,63.87960505,A100-SXM4-40GB,,,,0.6079999924,,,,,,,
NTU-GURA,avg_xwc,tfds_gtzan-1.0.0-full,0.6000000089,0.06749485175,test_top1_acc,,1024,165.0945079,A100-SXM4-40GB,,,,0.6000000089,,,,,,,
NTU-GURA,avg_hubert_crepe,tfds_gtzan-1.0.0-full,0.598999998,0.05971227718,test_top1_acc,,1024,127.2285888,A100-SXM4-40GB,,,,0.598999998,,,,,,,
NTU-GURA,cat_xwc,tfds_gtzan-1.0.0-full,0.5960000068,0.05699903093,test_top1_acc,,3072,165.1667035,A100-SXM4-40GB,,,,0.5960000068,,,,,,,
HEAR,torchcrepe,tfds_gtzan-1.0.0-full,0.5939999938,0.06669999598,test_top1_acc,,2048,19.46074867,A100-SXM4-40GB,,,,0.5939999938,,,,,,,
Descript/MARL,wav2clip_hear,tfds_gtzan-1.0.0-full,0.5679999948,0.05473166972,test_top1_acc,,512,11.00064564,A100-SXM4-40GB,,,,0.5679999948,,,,,,,
NTU-GURA,fusion_cat_xwc_time,tfds_gtzan-1.0.0-full,0.4879999965,0.05050852876,test_top1_acc,,15360,166.582015,A100-SXM4-40GB,,,,0.4879999965,,,,,,,
HEAR,wav2vec2,tfds_gtzan-1.0.0-full,0.4709999919,0.05743594902,test_top1_acc,,1024,50.59465337,A100-SXM4-40GB,,,,0.4709999919,,,,,,,
NTU-GURA,fusion_cat_xwc,tfds_gtzan-1.0.0-full,0.4100000001,0.1442990716,test_top1_acc,,3072,177.9264314,A100-SXM4-40GB,,,,0.4100000001,,,,,,,
ID56-SSL,kwmlp,tfds_gtzan-1.0.0-full,0.3290000051,0.03784470972,test_top1_acc,,1024,6.981711388,A100-SXM4-40GB,,,,0.3290000051,,,,,,,
AMAAI Lab,wav2vec2_ddsp,tfds_gtzan-1.0.0-full,0.2519999996,0.05884065065,test_top1_acc,,871,738.4639361,A100-SXM4-40GB,,,,0.2519999996,,,,,,,
Soundsensing,yamnet_hear,tfds_gtzan-1.0.0-full,0.2240000017,0.1072069638,test_top1_acc,,1024,20.87554121,A100-SXM4-40GB,,,,0.2240000017,,,,,,,
CP-JKU,base,tfds_gtzan-1.0.0-full,0.1869999997,0.04667856915,test_top1_acc,,1295,212.320435,A100-SXM4-40GB,,,,0.1869999997,,,,,,,
CP-JKU,base2level,tfds_gtzan-1.0.0-full,0.1869999997,0.04667856915,test_top1_acc,,1295,211.1481409,A100-SXM4-40GB,,,,0.1869999997,,,,,,,
CP-JKU,base2levelmel,tfds_gtzan-1.0.0-full,0.1869999997,0.04667856915,test_top1_acc,,1295,227.0619423,A100-SXM4-40GB,,,,0.1869999997,,,,,,,
AMAAI,my_model,tfds_gtzan-1.0.0-full,0.1350000001,0.03205897243,test_top1_acc,,768,24.71616912,A100-SXM4-40GB,,,,0.1350000001,,,,,,,
NTU-GURA,cat_hubert_wav2vec2,tfds_gtzan-1.0.0-full,0.1239999995,0.05168279159,test_top1_acc,,2048,93.12889981,A100-SXM4-40GB,,,,0.1239999995,,,,,,,
NTU-GURA,avg_hubert_wav2vec2,tfds_gtzan-1.0.0-full,0.1160000008,0.0467142624,test_top1_acc,,1024,92.909163,A100-SXM4-40GB,,,,0.1160000008,,,,,,,
NTU-GURA,hubert_xlarge,tfds_gtzan-1.0.0-full,0.1139999997,0.04325634258,test_top1_acc,,1280,101.5283761,A100-SXM4-40GB,,,,0.1139999997,,,,,,,
ibkuroyagi,hearline,tfds_gtzan-1.0.0-full,0.097000001,0.0298328692,test_top1_acc,,512,19.3097887,A100-SXM4-40GB,,,,0.097000001,,,,,,,
UDONS,embed,tfds_gtzan-1.0.0-full,0.09499999955,0.02635231399,test_top1_acc,,768,22.16171598,A100-SXM4-40GB,,,,0.09499999955,,,,,,,
NTU-GURA,fusion_wav2vec2,tfds_gtzan-1.0.0-full,0.09000000022,0.02538591044,test_top1_acc,,1024,47.59101582,A100-SXM4-40GB,,,,0.09000000022,,,,,,,
NTU-GURA,fusion_hubert_xlarge,tfds_gtzan-1.0.0-full,0.08999999911,0.03091206109,test_top1_acc,,1280,102.1923499,A100-SXM4-40GB,,,,0.08999999911,,,,,,,
Stellenbosch LSL,audio_dbert,tfds_gtzan-1.0.0-full,0.0870000001,0.02263232764,test_top1_acc,,2048,30.8287015,A100-SXM4-40GB,,,,0.0870000001,,,,,,,
ID56-SSL,audiomlp,tfds_gtzan-1.0.0-full,0.0870000001,0.02002775841,test_top1_acc,,1584,8.618401527,A100-SXM4-40GB,,,,0.0870000001,,,,,,,
Logitech AI,serab_byols,tfds_crema_d-1.0.0-full,0.5345535994,0.00850043327,test_top1_acc,,2048,27.43533158,A100-SXM4-40GB,,,,0.5345535994,,,,,,,
RedRice,efficient_latent,tfds_crema_d-1.0.0-full,0.5022849381,0.008458801699,test_top1_acc,,1408,22.48889565,A100-SXM4-40GB,,,,0.5022849381,,,,,,,
CVSSP,panns_hear,tfds_crema_d-1.0.0-full,0.4397677779,0.01451647494,test_top1_acc,,2048,20.3228755,A100-SXM4-40GB,,,,0.4397677779,,,,,,,
HEAR,wav2vec2,tfds_crema_d-1.0.0-full,0.4339852154,0.01489284948,test_top1_acc,,1024,50.60276508,A100-SXM4-40GB,,,,0.4339852154,,,,,,,
Descript/MARL,wav2clip_hear,tfds_crema_d-1.0.0-full,0.4210794687,0.007464424587,test_top1_acc,,512,14.53706121,A100-SXM4-40GB,,,,0.4210794687,,,,,,,
MARL + Soundsensing,openl3_hear,tfds_crema_d-1.0.0-full,0.4092503309,0.01120809461,test_top1_acc,,512,340.9239435,A100-SXM4-40GB,,,,0.4092503309,,,,,,,
ID56-SSL,kwmlp,tfds_crema_d-1.0.0-full,0.3759078681,0.01382888008,test_top1_acc,,1024,15.17938161,A100-SXM4-40GB,,,,0.3759078681,,,,,,,
HEAR,torchcrepe,tfds_crema_d-1.0.0-full,0.3526505709,0.007231197121,test_top1_acc,,2048,30.46572351,A100-SXM4-40GB,,,,0.3526505709,,,,,,,
NTU-GURA,avg_hubert_crepe,tfds_crema_d-1.0.0-full,0.3521103144,0.005946302097,test_top1_acc,,1024,102.9151483,A100-SXM4-40GB,,,,0.3521103144,,,,,,,
NTU-GURA,fusion_cat_xwc_time,tfds_crema_d-1.0.0-full,0.3474081755,0.01839852319,test_top1_acc,,15360,142.8574226,A100-SXM4-40GB,,,,0.3474081755,,,,,,,
NTU-GURA,cat_xwc,tfds_crema_d-1.0.0-full,0.3413559914,0.008195233421,test_top1_acc,,3072,144.4972169,A100-SXM4-40GB,,,,0.3413559914,,,,,,,
NTU-GURA,avg_xwc,tfds_crema_d-1.0.0-full,0.3397412896,0.006347266823,test_top1_acc,,1024,143.9138103,A100-SXM4-40GB,,,,0.3397412896,,,,,,,
NTU-GURA,cat_wc,tfds_crema_d-1.0.0-full,0.3379957855,0.02207684945,test_top1_acc,,2048,71.51228929,A100-SXM4-40GB,,,,0.3379957855,,,,,,,
AMAAI,my_model,tfds_crema_d-1.0.0-full,0.2912131816,0.03879084359,test_top1_acc,,768,28.72535038,A100-SXM4-40GB,,,,0.2912131816,,,,,,,
Soundsensing,yamnet_hear,tfds_crema_d-1.0.0-full,0.2735974282,0.02518976433,test_top1_acc,,1024,77.60780287,A100-SXM4-40GB,,,,0.2735974282,,,,,,,
NTU-GURA,fusion_cat_xwc,tfds_crema_d-1.0.0-full,0.2596055597,0.04077627462,test_top1_acc,,3072,141.0654314,A100-SXM4-40GB,,,,0.2596055597,,,,,,,
NTU-GURA,avg_hubert_wav2vec2,tfds_crema_d-1.0.0-full,0.2454875082,0.03044058593,test_top1_acc,,1024,81.43141508,A100-SXM4-40GB,,,,0.2454875082,,,,,,,
NTU-GURA,cat_hubert_wav2vec2,tfds_crema_d-1.0.0-full,0.2117560059,0.01913395403,test_top1_acc,,2048,81.73219752,A100-SXM4-40GB,,,,0.2117560059,,,,,,,
CP-JKU,base,tfds_crema_d-1.0.0-full,0.2026092649,0.01549776448,test_top1_acc,,1295,48.54829884,A100-SXM4-40GB,,,,0.2026092649,,,,,,,
CP-JKU,base2level,tfds_crema_d-1.0.0-full,0.2026092649,0.01549776448,test_top1_acc,,1295,47.47701049,A100-SXM4-40GB,,,,0.2026092649,,,,,,,
CP-JKU,base2levelmel,tfds_crema_d-1.0.0-full,0.2026092649,0.01549776448,test_top1_acc,,1295,48.78774667,A100-SXM4-40GB,,,,0.2026092649,,,,,,,
NTU-GURA,hubert_xlarge,tfds_crema_d-1.0.0-full,0.1976352394,0.03920700734,test_top1_acc,,1280,82.12401986,A100-SXM4-40GB,,,,0.1976352394,,,,,,,
NTU-GURA,fusion_wav2vec2,tfds_crema_d-1.0.0-full,0.181500873,0.01637351206,test_top1_acc,,1024,45.86161184,A100-SXM4-40GB,,,,0.181500873,,,,,,,
UDONS,embed,tfds_crema_d-1.0.0-full,0.1683263928,0.01250074792,test_top1_acc,,768,36.73807406,A100-SXM4-40GB,,,,0.1683263928,,,,,,,
ID56-SSL,audiomlp,tfds_crema_d-1.0.0-full,0.1676529914,0.01245896326,test_top1_acc,,1584,16.51846457,A100-SXM4-40GB,,,,0.1676529914,,,,,,,
NTU-GURA,fusion_hubert_xlarge,tfds_crema_d-1.0.0-full,0.1656374961,0.00960694624,test_top1_acc,,1280,85.90249419,A100-SXM4-40GB,,,,0.1656374961,,,,,,,
ibkuroyagi,hearline,tfds_crema_d-1.0.0-full,0.1642925054,0.008238846835,test_top1_acc,,512,18.38040733,A100-SXM4-40GB,,,,0.1642925054,,,,,,,
Stellenbosch LSL,audio_dbert,tfds_crema_d-1.0.0-full,0.1640236884,0.007995906699,test_top1_acc,,2048,37.0450182,A100-SXM4-40GB,,,,0.1640236884,,,,,,,
AMAAI Lab,wav2vec2_ddsp,tfds_crema_d-1.0.0-full,,,test_top1_acc,NaN in embeddings,,,,,,,,,,,,,,
ID56-SSL,kwmlp,speech_commands-v0.0.2-full,0.9779140949,,test_top1_acc,,1024,,,,,,0.9779140949,,,,,,,
NTU-GURA,fusion_wav2vec2,speech_commands-v0.0.2-full,0.9687116146,,test_top1_acc,,1024,,,,,,0.9687116146,,,,,,,
NTU-GURA,fusion_cat_xwc_time,speech_commands-v0.0.2-full,0.9680981636,,test_top1_acc,,15360,,Tesla V100-SXM2-16GB,,,,0.9680981636,,,,,,,
NTU-GURA,fusion_cat_xwc,speech_commands-v0.0.2-full,0.9676892161,,test_top1_acc,,3072,,,,,,0.9676892161,,,,,,,
NTU-GURA,fusion_hubert_xlarge,speech_commands-v0.0.2-full,0.9570552111,,test_top1_acc,,1280,,Tesla V100-SXM2-16GB,,,,0.9570552111,,,,,,,
NTU-GURA,hubert_xlarge,speech_commands-v0.0.2-full,0.9539877176,,test_top1_acc,,1280,,,,,,0.9539877176,,,,,,,
NTU-GURA,avg_hubert_wav2vec2,speech_commands-v0.0.2-full,0.9519427419,,test_top1_acc,,1024,,,,,,0.9519427419,,,,,,,
Logitech AI,serab_byols,speech_commands-v0.0.2-full,0.9480572343,,test_top1_acc,,2048,,,,,,0.9480572343,,,,,,,
NTU-GURA,cat_xwc,speech_commands-v0.0.2-full,0.9429447651,,test_top1_acc,,3072,,Tesla V100-SXM2-16GB,,,,0.9429447651,,,,,,,
NTU-GURA,cat_hubert_wav2vec2,speech_commands-v0.0.2-full,0.9286298156,,test_top1_acc,,2048,,,,,,0.9286298156,,,,,,,
NTU-GURA,cat_wc,speech_commands-v0.0.2-full,0.9188138843,,test_top1_acc,,2048,,,,,,0.9188138843,,,,,,,
NTU-GURA,avg_xwc,speech_commands-v0.0.2-full,0.8807771206,,test_top1_acc,,1024,,,,,,0.8807771206,,,,,,,
HEAR,wav2vec2,speech_commands-v0.0.2-full,0.8785275817,,test_top1_acc,,1024,,,,,,0.8785275817,,,,,,,
NTU-GURA,avg_hubert_crepe,speech_commands-v0.0.2-full,0.8233128786,,test_top1_acc,,1024,,Tesla V100-SXM2-16GB,,,,0.8233128786,,,,,,,
MARL + Soundsensing,openl3_hear,speech_commands-v0.0.2-full,0.7633946538,,test_top1_acc,,512,,,,,,0.7633946538,,,,,,,
RedRice,efficient_latent,speech_commands-v0.0.2-full,0.6756646037,,test_top1_acc,,1408,,Tesla V100-SXM2-16GB,,,,0.6756646037,,,,,,,
CP-JKU,base,speech_commands-v0.0.2-full,0.6386502981,,test_top1_acc,,1295,,,,,,0.6386502981,,,,,,,
CP-JKU,base2level,speech_commands-v0.0.2-full,0.6386502981,,test_top1_acc,,1295,,,,,,0.6386502981,,,,,,,
CP-JKU,base2levelmel,speech_commands-v0.0.2-full,0.6386502981,,test_top1_acc,,1295,,,,,,0.6386502981,,,,,,,
Stellenbosch LSL,audio_dbert,speech_commands-v0.0.2-full,0.6304703355,,test_top1_acc,,2048,,,,,,0.6304703355,,,,,,,
CVSSP,panns_hear,speech_commands-v0.0.2-full,0.6182004213,,test_top1_acc,,2048,,,,,,0.6182004213,,,,,,,
ibkuroyagi,hearline,speech_commands-v0.0.2-full,0.579754591,,test_top1_acc,,512,,Tesla V100-SXM2-16GB,,,,0.579754591,,,,,,,
ID56-SSL,audiomlp,speech_commands-v0.0.2-full,0.5347648263,,test_top1_acc,,1584,,,,,,0.5347648263,,,,,,,
UDONS,embed,speech_commands-v0.0.2-full,0.5312883258,,test_top1_acc,,768,,,,,,0.5312883258,,,,,,,
AMAAI,my_model,speech_commands-v0.0.2-full,0.5231083632,,test_top1_acc,,768,,,,,,0.5231083632,,,,,,,
AMAAI Lab,wav2vec2_ddsp,speech_commands-v0.0.2-full,0.4903885424,,test_top1_acc,,871,,,,,,0.4903885424,,,,,,,
Soundsensing,yamnet_hear,speech_commands-v0.0.2-full,0.4104294479,,test_top1_acc,,1024,,,,,,0.4104294479,,,,,,,
Descript/MARL,wav2clip_hear,speech_commands-v0.0.2-full,0.3466257751,,test_top1_acc,,512,,Tesla V100-SXM2-16GB,,,,0.3466257751,,,,,,,
HEAR,torchcrepe,speech_commands-v0.0.2-full,0.2112474442,,test_top1_acc,,2048,,,,,,0.2112474442,,,,,,,
ID56-SSL,kwmlp,speech_commands-v0.0.2-5h,0.9762781858,,test_top1_acc,,1024,,,,,,0.9762781858,,,,,,,
NTU-GURA,fusion_cat_xwc,speech_commands-v0.0.2-5h,0.9605317116,,test_top1_acc,,3072,,,,,,0.9605317116,,,,,,,
NTU-GURA,fusion_wav2vec2,speech_commands-v0.0.2-5h,0.9570552111,,test_top1_acc,,1024,,,,,,0.9570552111,,,,,,,
NTU-GURA,hubert_xlarge,speech_commands-v0.0.2-5h,0.9529652596,,test_top1_acc,,1280,,,,,,0.9529652596,,,,,,,
NTU-GURA,fusion_cat_xwc_time,speech_commands-v0.0.2-5h,0.9509202242,,test_top1_acc,,15360,,Tesla V100-SXM2-16GB,,,,0.9509202242,,,,,,,
NTU-GURA,fusion_hubert_xlarge,speech_commands-v0.0.2-5h,0.9468302727,,test_top1_acc,,1280,,Tesla V100-SXM2-16GB,,,,0.9468302727,,,,,,,
NTU-GURA,cat_hubert_wav2vec2,speech_commands-v0.0.2-5h,0.9359918237,,test_top1_acc,,2048,,,,,,0.9359918237,,,,,,,
NTU-GURA,cat_xwc,speech_commands-v0.0.2-5h,0.9269938469,,test_top1_acc,,3072,,Tesla V100-SXM2-16GB,,,,0.9269938469,,,,,,,
Logitech AI,serab_byols,speech_commands-v0.0.2-5h,0.9137014151,,test_top1_acc,,2048,,,,,,0.9137014151,,,,,,,
NTU-GURA,avg_hubert_wav2vec2,speech_commands-v0.0.2-5h,0.9073619843,,test_top1_acc,,1024,,,,,,0.9073619843,,,,,,,
NTU-GURA,cat_wc,speech_commands-v0.0.2-5h,0.8852760792,,test_top1_acc,,2048,,Tesla V100-SXM2-16GB,,,,0.8852760792,,,,,,,
HEAR,wav2vec2,speech_commands-v0.0.2-5h,0.8382412791,,test_top1_acc,,1024,,,,,,0.8382412791,,,,,,,
NTU-GURA,avg_xwc,speech_commands-v0.0.2-5h,0.8224948645,,test_top1_acc,,1024,,,,,,0.8224948645,,,,,,,
AMAAI,my_model,speech_commands-v0.0.2-5h,0.743558228,,test_top1_acc,,768,,,,,,0.743558228,,,,,,,
NTU-GURA,avg_hubert_crepe,speech_commands-v0.0.2-5h,0.7372187972,,test_top1_acc,,1024,,Tesla V100-SXM2-16GB,,,,0.7372187972,,,,,,,
CP-JKU,base,speech_commands-v0.0.2-5h,0.680981636,,test_top1_acc,,1295,,,,,,0.680981636,,,,,,,
CP-JKU,base2level,speech_commands-v0.0.2-5h,0.680981636,,test_top1_acc,,1295,,,,,,0.680981636,,,,,,,
CP-JKU,base2levelmel,speech_commands-v0.0.2-5h,0.680981636,,test_top1_acc,,1295,,,,,,0.680981636,,,,,,,
MARL + Soundsensing,openl3_hear,speech_commands-v0.0.2-5h,0.6795501113,,test_top1_acc,,512,,,,,,0.6795501113,,,,,,,
RedRice,efficient_latent,speech_commands-v0.0.2-5h,0.5734151602,,test_top1_acc,,1408,,Tesla V100-SXM2-16GB,,,,0.5734151602,,,,,,,
Stellenbosch LSL,audio_dbert,speech_commands-v0.0.2-5h,0.565644145,,test_top1_acc,,2048,,,,,,0.565644145,,,,,,,
CVSSP,panns_hear,speech_commands-v0.0.2-5h,0.5601227283,,test_top1_acc,,2048,,,,,,0.5601227283,,,,,,,
AMAAI Lab,wav2vec2_ddsp,speech_commands-v0.0.2-5h,0.4871165752,,test_top1_acc,,871,,,,,,0.4871165752,,,,,,,
UDONS,embed,speech_commands-v0.0.2-5h,0.4789366126,,test_top1_acc,,768,,,,,,0.4789366126,,,,,,,
ibkuroyagi,hearline,speech_commands-v0.0.2-5h,0.478323102,,test_top1_acc,,512,,Tesla V100-SXM2-16GB,,,,0.478323102,,,,,,,
ID56-SSL,audiomlp,speech_commands-v0.0.2-5h,0.3920245469,,test_top1_acc,,1584,,,,,,0.3920245469,,,,,,,
Descript/MARL,wav2clip_hear,speech_commands-v0.0.2-5h,0.3159509301,,test_top1_acc,,512,,Tesla V100-SXM2-16GB,,,,0.3159509301,,,,,,,
Soundsensing,yamnet_hear,speech_commands-v0.0.2-5h,0.2887525558,,test_top1_acc,,1024,,,,,,0.2887525558,,,,,,,
HEAR,torchcrepe,speech_commands-v0.0.2-5h,0.1799591035,,test_top1_acc,,2048,,,,,,0.1799591035,,,,,,,
NTU-GURA,avg_hubert_crepe,nsynth_pitch-v2.2.3-5h,0.878000021,,test_pitch_acc,,1024,,Tesla V100-SXM2-16GB,,,,,,,0.878000021,0.9359999895,,,
HEAR,torchcrepe,nsynth_pitch-v2.2.3-5h,0.8700000048,,test_pitch_acc,,2048,,,,,,,,,0.8700000048,0.925999999,,,
NTU-GURA,cat_wc,nsynth_pitch-v2.2.3-5h,0.8679999709,,test_pitch_acc,,2048,,,,,,,,,0.8679999709,0.9300000072,,,
NTU-GURA,cat_xwc,nsynth_pitch-v2.2.3-5h,0.8659999967,,test_pitch_acc,,3072,,,,,,,,,0.8659999967,0.9300000072,,,
NTU-GURA,avg_xwc,nsynth_pitch-v2.2.3-5h,0.8619999886,,test_pitch_acc,,1024,,,,,,,,,0.8619999886,0.925999999,,,
NTU-GURA,fusion_cat_xwc_time,nsynth_pitch-v2.2.3-5h,0.8539999723,,test_pitch_acc,,15360,,,,,,,,,0.8539999723,0.8999999762,,,
NTU-GURA,fusion_cat_xwc,nsynth_pitch-v2.2.3-5h,0.8460000157,,test_pitch_acc,,3072,,,,,,,,,0.8460000157,0.8920000196,,,
UDONS,embed,nsynth_pitch-v2.2.3-5h,0.6919999719,,test_pitch_acc,,768,,,,,,,,,0.6919999719,0.7720000148,,,
MARL + Soundsensing,openl3_hear,nsynth_pitch-v2.2.3-5h,0.5600000024,,test_pitch_acc,,512,,,,,,,,,0.5600000024,0.5899999738,,,
Stellenbosch LSL,audio_dbert,nsynth_pitch-v2.2.3-5h,0.523999989,,test_pitch_acc,,2048,,,,,,,,,0.523999989,0.6000000238,,,
ID56-SSL,kwmlp,nsynth_pitch-v2.2.3-5h,0.4399999976,,test_pitch_acc,,1024,,,,,,,,,0.4399999976,0.4799999893,,,
HEAR,wav2vec2,nsynth_pitch-v2.2.3-5h,0.40200001,,test_pitch_acc,,1024,,,,,,,,,0.40200001,0.4379999936,,,
Logitech AI,serab_byols,nsynth_pitch-v2.2.3-5h,0.3959999979,,test_pitch_acc,,2048,,,,,,,,,0.3959999979,0.4140000045,,,
ibkuroyagi,hearline,nsynth_pitch-v2.2.3-5h,0.3939999938,,test_pitch_acc,,512,,Tesla V100-SXM2-16GB,,,,,,,0.3939999938,0.4639999866,,,
ID56-SSL,audiomlp,nsynth_pitch-v2.2.3-5h,0.3860000074,,test_pitch_acc,,1584,,,,,,,,,0.3860000074,0.4519999921,,,
NTU-GURA,fusion_hubert_xlarge,nsynth_pitch-v2.2.3-5h,0.3819999993,,test_pitch_acc,,1280,,Tesla V100-SXM2-16GB,,,,,,,0.3819999993,0.4099999964,,,
NTU-GURA,fusion_wav2vec2,nsynth_pitch-v2.2.3-5h,0.3300000131,,test_pitch_acc,,1024,,,,,,,,,0.3300000131,0.3540000021,,,
CP-JKU,base,nsynth_pitch-v2.2.3-5h,0.2560000122,,test_pitch_acc,,1295,,,,,,,,,0.2560000122,0.2899999917,,,
CP-JKU,base2level,nsynth_pitch-v2.2.3-5h,0.2560000122,,test_pitch_acc,,1295,,,,,,,,,0.2560000122,0.2899999917,,,
CP-JKU,base2levelmel,nsynth_pitch-v2.2.3-5h,0.2560000122,,test_pitch_acc,,1295,,,,,,,,,0.2560000122,0.2899999917,,,
Descript/MARL,wav2clip_hear,nsynth_pitch-v2.2.3-5h,0.2300000042,,test_pitch_acc,,512,,Tesla V100-SXM2-16GB,,,,,,,0.2300000042,0.2540000081,,,
NTU-GURA,avg_hubert_wav2vec2,nsynth_pitch-v2.2.3-5h,0.1979999989,,test_pitch_acc,,1024,,,,,,,,,0.1979999989,0.2199999988,,,
NTU-GURA,cat_hubert_wav2vec2,nsynth_pitch-v2.2.3-5h,0.1979999989,,test_pitch_acc,,2048,,,,,,,,,0.1979999989,0.2300000042,,,
NTU-GURA,hubert_xlarge,nsynth_pitch-v2.2.3-5h,0.1840000004,,test_pitch_acc,,1280,,,,,,,,,0.1840000004,0.2039999962,,,
AMAAI,my_model,nsynth_pitch-v2.2.3-5h,0.1819999963,,test_pitch_acc,,768,,,,,,,,,0.1819999963,0.202000007,,,
AMAAI Lab,wav2vec2_ddsp,nsynth_pitch-v2.2.3-5h,0.1720000058,,test_pitch_acc,,871,,,,,,,,,0.1720000058,0.1899999976,,,
RedRice,efficient_latent,nsynth_pitch-v2.2.3-5h,0.1679999977,,test_pitch_acc,,1408,,Tesla V100-SXM2-16GB,,,,,,,0.1679999977,0.1840000004,,,
Soundsensing,yamnet_hear,nsynth_pitch-v2.2.3-5h,0.1580000073,,test_pitch_acc,,1024,,,,,,,,,0.1580000073,0.1899999976,,,
CVSSP,panns_hear,nsynth_pitch-v2.2.3-5h,0.1480000019,,test_pitch_acc,,2048,,,,,,,,,0.1480000019,0.1620000005,,,
HEAR,torchcrepe,nsynth_pitch-v2.2.3-50h,0.8999999762,,test_pitch_acc,,2048,,,,,,,,,0.8999999762,0.9573891759,,,
NTU-GURA,cat_wc,nsynth_pitch-v2.2.3-50h,0.8990148306,,test_pitch_acc,,2048,,,,,,,,,0.8990148306,0.9554187059,,,
NTU-GURA,cat_xwc,nsynth_pitch-v2.2.3-50h,0.8967980146,,test_pitch_acc,,3072,,,,,,,,,0.8967980146,0.9549261332,,,
NTU-GURA,avg_hubert_crepe,nsynth_pitch-v2.2.3-50h,0.8965517282,,test_pitch_acc,,1024,,Tesla V100-SXM2-16GB,,,,,,,0.8965517282,0.9561576247,,,
NTU-GURA,avg_xwc,nsynth_pitch-v2.2.3-50h,0.8963054419,,test_pitch_acc,,1024,,,,,,,,,0.8963054419,0.9546797872,,,
NTU-GURA,fusion_cat_xwc_time,nsynth_pitch-v2.2.3-50h,0.890886724,,test_pitch_acc,,15360,,,,,,,,,0.890886724,0.9504926205,,,
NTU-GURA,fusion_cat_xwc,nsynth_pitch-v2.2.3-50h,0.8852216601,,test_pitch_acc,,3072,,,,,,,,,0.8852216601,0.9450739026,,,
UDONS,embed,nsynth_pitch-v2.2.3-50h,0.7945812941,,test_pitch_acc,,768,,,,,,,,,0.7945812941,0.8630542159,,,
Stellenbosch LSL,audio_dbert,nsynth_pitch-v2.2.3-50h,0.7374384403,,test_pitch_acc,,2048,,,,,,,,,0.7374384403,0.8155172467,,,
MARL + Soundsensing,openl3_hear,nsynth_pitch-v2.2.3-50h,0.7310344577,,test_pitch_acc,,512,,,,,,,,,0.7310344577,0.7729064226,,,
Logitech AI,serab_byols,nsynth_pitch-v2.2.3-50h,0.7115763426,,test_pitch_acc,,2048,,,,,,,,,0.7115763426,0.7421182394,,,
NTU-GURA,fusion_hubert_xlarge,nsynth_pitch-v2.2.3-50h,0.6881773472,,test_pitch_acc,,1280,,Tesla V100-SXM2-16GB,,,,,,,0.6881773472,0.7285714149,,,
HEAR,wav2vec2,nsynth_pitch-v2.2.3-50h,0.6529556513,,test_pitch_acc,,1024,,,,,,,,,0.6529556513,0.7061576247,,,
ID56-SSL,audiomlp,nsynth_pitch-v2.2.3-50h,0.6076354384,,test_pitch_acc,,1584,,,,,,,,,0.6076354384,0.6677339673,,,
NTU-GURA,fusion_wav2vec2,nsynth_pitch-v2.2.3-50h,0.6059113145,,test_pitch_acc,,1024,,,,,,,,,0.6059113145,0.6455665231,,,
ID56-SSL,kwmlp,nsynth_pitch-v2.2.3-50h,0.6046798229,,test_pitch_acc,,1024,,,,,,,,,0.6046798229,0.6477832794,,,
ibkuroyagi,hearline,nsynth_pitch-v2.2.3-50h,0.5894088745,,test_pitch_acc,,512,,Tesla V100-SXM2-16GB,,,,,,,0.5894088745,0.6564039588,,,
CP-JKU,base,nsynth_pitch-v2.2.3-50h,0.5408867002,,test_pitch_acc,,1295,,,,,,,,,0.5408867002,0.5657635331,,,
CP-JKU,base2level,nsynth_pitch-v2.2.3-50h,0.5408867002,,test_pitch_acc,,1295,,,,,,,,,0.5408867002,0.5657635331,,,
CP-JKU,base2levelmel,nsynth_pitch-v2.2.3-50h,0.5408867002,,test_pitch_acc,,1295,,,,,,,,,0.5408867002,0.5657635331,,,
Descript/MARL,wav2clip_hear,nsynth_pitch-v2.2.3-50h,0.438916266,,test_pitch_acc,,512,,,,,,,,,0.438916266,0.4637930989,,,
NTU-GURA,hubert_xlarge,nsynth_pitch-v2.2.3-50h,0.4288177192,,test_pitch_acc,,1280,,,,,,,,,0.4288177192,0.4581280649,,,
NTU-GURA,cat_hubert_wav2vec2,nsynth_pitch-v2.2.3-50h,0.4275861979,,test_pitch_acc,,2048,,,,,,,,,0.4275861979,0.4598522186,,,
NTU-GURA,avg_hubert_wav2vec2,nsynth_pitch-v2.2.3-50h,0.414778322,,test_pitch_acc,,1024,,,,,,,,,0.414778322,0.4443349838,,,
RedRice,efficient_latent,nsynth_pitch-v2.2.3-50h,0.3913792968,,test_pitch_acc,,1408,,Tesla V100-SXM2-16GB,,,,,,,0.3913792968,0.4179802835,,,
Soundsensing,yamnet_hear,nsynth_pitch-v2.2.3-50h,0.3209359646,,test_pitch_acc,,1024,,,,,,,,,0.3209359646,0.3450738788,,,
AMAAI Lab,wav2vec2_ddsp,nsynth_pitch-v2.2.3-50h,0.3029556572,,test_pitch_acc,,871,,,,,,,,,0.3029556572,0.3322660029,,,
CVSSP,panns_hear,nsynth_pitch-v2.2.3-50h,0.3012315333,,test_pitch_acc,,2048,,,,,,,,,0.3012315333,0.3233990073,,,
AMAAI,my_model,nsynth_pitch-v2.2.3-50h,0.1758620739,,test_pitch_acc,,768,,,,,,,,,0.1758620739,0.2100985199,,,
ID56-SSL,kwmlp,mridangam_tonic-v1.5-full,0.9415217042,0.01026989049,test_top1_acc,,1024,11.75357485,A100-SXM4-40GB,,,,0.9415217042,,,,,,,
MARL + Soundsensing,openl3_hear,mridangam_tonic-v1.5-full,0.9369351149,0.007297967825,test_top1_acc,,512,252.4736993,A100-SXM4-40GB,,,,0.9369351149,,,,,,,
Logitech AI,serab_byols,mridangam_tonic-v1.5-full,0.9284779787,0.01163885987,test_top1_acc,,2048,21.93690038,A100-SXM4-40GB,,,,0.9284779787,,,,,,,
NTU-GURA,fusion_cat_xwc_time,mridangam_tonic-v1.5-full,0.9243193507,0.0160589266,test_top1_acc,,15360,66.74673843,A100-SXM4-40GB,,,,0.9243193507,,,,,,,
NTU-GURA,fusion_cat_xwc,mridangam_tonic-v1.5-full,0.9234627366,0.005698557571,test_top1_acc,,3072,76.32334185,A100-SXM4-40GB,,,,0.9234627366,,,,,,,
NTU-GURA,fusion_hubert_xlarge,mridangam_tonic-v1.5-full,0.9089887261,0.01301634949,test_top1_acc,,1280,20.78960776,A100-SXM4-40GB,,,,0.9089887261,,,,,,,
NTU-GURA,cat_xwc,mridangam_tonic-v1.5-full,0.8591089725,0.005931275768,test_top1_acc,,3072,47.64370036,A100-SXM4-40GB,,,,0.8591089725,,,,,,,
NTU-GURA,hubert_xlarge,mridangam_tonic-v1.5-full,0.849936235,0.002706691675,test_top1_acc,,1280,29.04682922,A100-SXM4-40GB,,,,0.849936235,,,,,,,
RedRice,efficient_latent,mridangam_tonic-v1.5-full,0.8431979775,0.006228214325,test_top1_acc,,1408,11.70263052,A100-SXM4-40GB,,,,0.8431979775,,,,,,,
NTU-GURA,fusion_wav2vec2,mridangam_tonic-v1.5-full,0.8376090407,0.02831264553,test_top1_acc,,1024,15.08499241,A100-SXM4-40GB,,,,0.8376090407,,,,,,,
NTU-GURA,avg_xwc,mridangam_tonic-v1.5-full,0.837320447,0.01021683814,test_top1_acc,,1024,65.8899107,A100-SXM4-40GB,,,,0.837320447,,,,,,,
NTU-GURA,avg_hubert_crepe,mridangam_tonic-v1.5-full,0.830872333,0.007199286455,test_top1_acc,,1024,52.1988852,A100-SXM4-40GB,,,,0.830872333,,,,,,,
Descript/MARL,wav2clip_hear,mridangam_tonic-v1.5-full,0.828866291,0.01408657986,test_top1_acc,,512,11.3245132,A100-SXM4-40GB,,,,0.828866291,,,,,,,
HEAR,wav2vec2,mridangam_tonic-v1.5-full,0.8282943606,0.020306847,test_top1_acc,,1024,20.82549191,A100-SXM4-40GB,,,,0.8282943606,,,,,,,
CVSSP,panns_hear,mridangam_tonic-v1.5-full,0.8244215488,0.01198682498,test_top1_acc,,2048,11.66279054,A100-SXM4-40GB,,,,0.8244215488,,,,,,,
HEAR,torchcrepe,mridangam_tonic-v1.5-full,0.8235635877,0.008164977979,test_top1_acc,,2048,31.55083656,A100-SXM4-40GB,,,,0.8235635877,,,,,,,
NTU-GURA,cat_wc,mridangam_tonic-v1.5-full,0.822560215,0.007799836556,test_top1_acc,,2048,56.21921349,A100-SXM4-40GB,,,,0.822560215,,,,,,,
CP-JKU,base,mridangam_tonic-v1.5-full,0.8194038272,0.06322507804,test_top1_acc,,1295,47.51655483,A100-SXM4-40GB,,,,0.8194038272,,,,,,,
CP-JKU,base2level,mridangam_tonic-v1.5-full,0.8194038272,0.06322507804,test_top1_acc,,1295,29.33261466,A100-SXM4-40GB,,,,0.8194038272,,,,,,,
CP-JKU,base2levelmel,mridangam_tonic-v1.5-full,0.8194038272,0.06322507804,test_top1_acc,,1295,29.41928339,A100-SXM4-40GB,,,,0.8194038272,,,,,,,
NTU-GURA,cat_hubert_wav2vec2,mridangam_tonic-v1.5-full,0.8017730117,0.01889110082,test_top1_acc,,2048,27.0968287,A100-SXM4-40GB,,,,0.8017730117,,,,,,,
NTU-GURA,avg_hubert_wav2vec2,mridangam_tonic-v1.5-full,0.799337697,0.01117920799,test_top1_acc,,1024,19.70776653,A100-SXM4-40GB,,,,0.799337697,,,,,,,
ibkuroyagi,hearline,mridangam_tonic-v1.5-full,0.7834314108,0.02066396454,test_top1_acc,,512,14.10531068,A100-SXM4-40GB,,,,0.7834314108,,,,,,,
ID56-SSL,audiomlp,mridangam_tonic-v1.5-full,0.7781335354,0.05234255131,test_top1_acc,,1584,10.51942778,A100-SXM4-40GB,,,,0.7781335354,,,,,,,
UDONS,embed,mridangam_tonic-v1.5-full,0.7301045299,0.04264992481,test_top1_acc,,768,13.50652266,A100-SXM4-40GB,,,,0.7301045299,,,,,,,
Stellenbosch LSL,audio_dbert,mridangam_tonic-v1.5-full,0.6848203301,0.006839465953,test_top1_acc,,2048,16.55360007,A100-SXM4-40GB,,,,0.6848203301,,,,,,,
AMAAI,my_model,mridangam_tonic-v1.5-full,0.4149441719,0.06566185272,test_top1_acc,,768,10.3123374,A100-SXM4-40GB,,,,0.4149441719,,,,,,,
AMAAI Lab,wav2vec2_ddsp,mridangam_tonic-v1.5-full,0.3571691751,0.04270932624,test_top1_acc,,871,153.8819118,A100-SXM4-40GB,,,,0.3571691751,,,,,,,
Soundsensing,yamnet_hear,mridangam_tonic-v1.5-full,,,test_top1_acc,Model exception during embedding,,,,,,,,,,,,,,
NTU-GURA,fusion_cat_xwc_time,mridangam_stroke-v1.5-full,0.9753486156,0.005938390153,test_top1_acc,,15360,49.81940913,A100-SXM4-40GB,,,,0.9753486156,,,,,,,
NTU-GURA,fusion_hubert_xlarge,mridangam_stroke-v1.5-full,0.9737713456,0.004768165271,test_top1_acc,,1280,20.61154079,A100-SXM4-40GB,,,,0.9737713456,,,,,,,
Logitech AI,serab_byols,mridangam_stroke-v1.5-full,0.9726248145,0.003868634926,test_top1_acc,,2048,22.47759175,A100-SXM4-40GB,,,,0.9726248145,,,,,,,
NTU-GURA,fusion_cat_xwc,mridangam_stroke-v1.5-full,0.9724813461,0.004071009596,test_top1_acc,,3072,77.55938625,A100-SXM4-40GB,,,,0.9724813461,,,,,,,
ID56-SSL,kwmlp,mridangam_stroke-v1.5-full,0.9686118007,0.004276503002,test_top1_acc,,1024,12.98364329,A100-SXM4-40GB,,,,0.9686118007,,,,,,,
MARL + Soundsensing,openl3_hear,mridangam_stroke-v1.5-full,0.9666057706,0.005462942964,test_top1_acc,,512,249.9454317,A100-SXM4-40GB,,,,0.9666057706,,,,,,,
CP-JKU,base,mridangam_stroke-v1.5-full,0.965028286,0.007673079177,test_top1_acc,,1295,27.58462739,A100-SXM4-40GB,,,,0.965028286,,,,,,,
CP-JKU,base2level,mridangam_stroke-v1.5-full,0.965028286,0.007673079177,test_top1_acc,,1295,38.90740871,A100-SXM4-40GB,,,,0.965028286,,,,,,,
CP-JKU,base2levelmel,mridangam_stroke-v1.5-full,0.965028286,0.007673079177,test_top1_acc,,1295,21.57431626,A100-SXM4-40GB,,,,0.965028286,,,,,,,
NTU-GURA,fusion_wav2vec2,mridangam_stroke-v1.5-full,0.9623042583,0.005086814299,test_top1_acc,,1024,14.8739295,A100-SXM4-40GB,,,,0.9623042583,,,,,,,
NTU-GURA,hubert_xlarge,mridangam_stroke-v1.5-full,0.9528462172,0.007897623499,test_top1_acc,,1280,23.21644306,A100-SXM4-40GB,,,,0.9528462172,,,,,,,
NTU-GURA,cat_hubert_wav2vec2,mridangam_stroke-v1.5-full,0.9511254907,0.006171013357,test_top1_acc,,2048,20.13091063,A100-SXM4-40GB,,,,0.9511254907,,,,,,,
RedRice,efficient_latent,mridangam_stroke-v1.5-full,0.9485457778,0.007902119536,test_top1_acc,,1408,11.66045213,A100-SXM4-40GB,,,,0.9485457778,,,,,,,
Descript/MARL,wav2clip_hear,mridangam_stroke-v1.5-full,0.9471125007,0.004332185505,test_top1_acc,,512,10.80423617,A100-SXM4-40GB,,,,0.9471125007,,,,,,,
NTU-GURA,avg_hubert_wav2vec2,mridangam_stroke-v1.5-full,0.9463951349,0.01140631222,test_top1_acc,,1024,27.677845,A100-SXM4-40GB,,,,0.9463951349,,,,,,,
HEAR,wav2vec2,mridangam_stroke-v1.5-full,0.9432430506,0.007512380816,test_top1_acc,,1024,15.47267222,A100-SXM4-40GB,,,,0.9432430506,,,,,,,
CVSSP,panns_hear,mridangam_stroke-v1.5-full,0.9390859723,0.008534830869,test_top1_acc,,2048,11.81423593,A100-SXM4-40GB,,,,0.9390859723,,,,,,,
NTU-GURA,cat_xwc,mridangam_stroke-v1.5-full,0.9377971768,0.006955919856,test_top1_acc,,3072,74.61305428,A100-SXM4-40GB,,,,0.9377971768,,,,,,,
NTU-GURA,avg_hubert_crepe,mridangam_stroke-v1.5-full,0.9170144081,0.008781985401,test_top1_acc,,1024,42.76135063,A100-SXM4-40GB,,,,0.9170144081,,,,,,,
NTU-GURA,avg_xwc,mridangam_stroke-v1.5-full,0.914434886,0.008404416707,test_top1_acc,,1024,46.91636825,A100-SXM4-40GB,,,,0.914434886,,,,,,,
ibkuroyagi,hearline,mridangam_stroke-v1.5-full,0.9094165564,0.005768366167,test_top1_acc,,512,12.94815683,A100-SXM4-40GB,,,,0.9094165564,,,,,,,
HEAR,torchcrepe,mridangam_stroke-v1.5-full,0.8976630688,0.006249421757,test_top1_acc,,2048,41.081774,A100-SXM4-40GB,,,,0.8976630688,,,,,,,
NTU-GURA,cat_wc,mridangam_stroke-v1.5-full,0.8976628661,0.005464741063,test_top1_acc,,2048,43.17917681,A100-SXM4-40GB,,,,0.8976628661,,,,,,,
ID56-SSL,audiomlp,mridangam_stroke-v1.5-full,0.8932217956,0.007357188393,test_top1_acc,,1584,10.89624333,A100-SXM4-40GB,,,,0.8932217956,,,,,,,
UDONS,embed,mridangam_stroke-v1.5-full,0.8796024442,0.01090479305,test_top1_acc,,768,17.42047143,A100-SXM4-40GB,,,,0.8796024442,,,,,,,
Stellenbosch LSL,audio_dbert,mridangam_stroke-v1.5-full,0.8351714611,0.01162439512,test_top1_acc,,2048,16.57353354,A100-SXM4-40GB,,,,0.8351714611,,,,,,,
AMAAI,my_model,mridangam_stroke-v1.5-full,0.7594815612,0.04537459955,test_top1_acc,,768,10.40822339,A100-SXM4-40GB,,,,0.7594815612,,,,,,,
AMAAI Lab,wav2vec2_ddsp,mridangam_stroke-v1.5-full,0.6531414986,0.03088985397,test_top1_acc,,871,153.1395464,A100-SXM4-40GB,,,,0.6531414986,,,,,,,
Soundsensing,yamnet_hear,mridangam_stroke-v1.5-full,,,test_top1_acc,Model exception during embedding,,,,,,,,,,,,,,
Logitech AI,serab_byols,libricount-v1.0.0-hear2021-full,0.7853146911,0.02196299813,test_top1_acc,,2048,24.60919452,A100-SXM4-40GB,,,,0.7853146911,,,,,,,
NTU-GURA,fusion_cat_xwc,libricount-v1.0.0-hear2021-full,0.6972028017,0.01939495088,test_top1_acc,,3072,108.4784434,A100-SXM4-40GB,,,,0.6972028017,,,,,,,
HEAR,wav2vec2,libricount-v1.0.0-hear2021-full,0.6921328664,0.01265823839,test_top1_acc,,1024,38.65050483,A100-SXM4-40GB,,,,0.6921328664,,,,,,,
NTU-GURA,fusion_hubert_xlarge,libricount-v1.0.0-hear2021-full,0.6833916068,0.01561728044,test_top1_acc,,1280,63.85019565,A100-SXM4-40GB,,,,0.6833916068,,,,,,,
CP-JKU,base,libricount-v1.0.0-hear2021-full,0.6601398706,0.01268838796,test_top1_acc,,1295,30.50088024,A100-SXM4-40GB,,,,0.6601398706,,,,,,,
CP-JKU,base2level,libricount-v1.0.0-hear2021-full,0.6601398706,0.01268838796,test_top1_acc,,1295,40.55872893,A100-SXM4-40GB,,,,0.6601398706,,,,,,,
CP-JKU,base2levelmel,libricount-v1.0.0-hear2021-full,0.6601398706,0.01268838796,test_top1_acc,,1295,42.34799671,A100-SXM4-40GB,,,,0.6601398706,,,,,,,
NTU-GURA,fusion_cat_xwc_time,libricount-v1.0.0-hear2021-full,0.6590909243,0.02671452666,test_top1_acc,,15360,120.2885346,A100-SXM4-40GB,,,,0.6590909243,,,,,,,
NTU-GURA,fusion_wav2vec2,libricount-v1.0.0-hear2021-full,0.6526223779,0.02419768222,test_top1_acc,,1024,40.55745697,A100-SXM4-40GB,,,,0.6526223779,,,,,,,
Soundsensing,yamnet_hear,libricount-v1.0.0-hear2021-full,0.6526223779,0.01449045934,test_top1_acc,,1024,62.32768178,A100-SXM4-40GB,,,,0.6526223779,,,,,,,
CVSSP,panns_hear,libricount-v1.0.0-hear2021-full,0.6515734196,0.01037229993,test_top1_acc,,2048,26.56892085,A100-SXM4-40GB,,,,0.6515734196,,,,,,,
RedRice,efficient_latent,libricount-v1.0.0-hear2021-full,0.650874126,0.007534749086,test_top1_acc,,1408,22.89873314,A100-SXM4-40GB,,,,0.650874126,,,,,,,
NTU-GURA,hubert_xlarge,libricount-v1.0.0-hear2021-full,0.6458042026,0.01654385419,test_top1_acc,,1280,63.09525084,A100-SXM4-40GB,,,,0.6458042026,,,,,,,
MARL + Soundsensing,openl3_hear,libricount-v1.0.0-hear2021-full,0.6414335728,0.01199179619,test_top1_acc,,512,272.4509764,A100-SXM4-40GB,,,,0.6414335728,,,,,,,
NTU-GURA,cat_xwc,libricount-v1.0.0-hear2021-full,0.6389860153,0.02500062887,test_top1_acc,,3072,107.5701454,A100-SXM4-40GB,,,,0.6389860153,,,,,,,
NTU-GURA,avg_xwc,libricount-v1.0.0-hear2021-full,0.6309440613,0.008209337579,test_top1_acc,,1024,107.7030704,A100-SXM4-40GB,,,,0.6309440613,,,,,,,
NTU-GURA,cat_hubert_wav2vec2,libricount-v1.0.0-hear2021-full,0.627272737,0.01682096129,test_top1_acc,,2048,62.64295197,A100-SXM4-40GB,,,,0.627272737,,,,,,,
NTU-GURA,avg_hubert_wav2vec2,libricount-v1.0.0-hear2021-full,0.6227272749,0.03474912204,test_top1_acc,,1024,69.11648583,A100-SXM4-40GB,,,,0.6227272749,,,,,,,
NTU-GURA,avg_hubert_crepe,libricount-v1.0.0-hear2021-full,0.6223776102,0.01620083973,test_top1_acc,,1024,79.33555293,A100-SXM4-40GB,,,,0.6223776102,,,,,,,
Stellenbosch LSL,audio_dbert,libricount-v1.0.0-hear2021-full,0.5842657328,0.02046837388,test_top1_acc,,2048,25.31437993,A100-SXM4-40GB,,,,0.5842657328,,,,,,,
NTU-GURA,cat_wc,libricount-v1.0.0-hear2021-full,0.5694055915,0.01431808081,test_top1_acc,,2048,50.3367939,A100-SXM4-40GB,,,,0.5694055915,,,,,,,
Descript/MARL,wav2clip_hear,libricount-v1.0.0-hear2021-full,0.5276223779,0.01258561069,test_top1_acc,,512,11.06043839,A100-SXM4-40GB,,,,0.5276223779,,,,,,,
AMAAI Lab,wav2vec2_ddsp,libricount-v1.0.0-hear2021-full,0.5103146851,0.07894135002,test_top1_acc,,871,696.5830538,A100-SXM4-40GB,,,,0.5103146851,,,,,,,
HEAR,torchcrepe,libricount-v1.0.0-hear2021-full,0.4986014068,0.01189904445,test_top1_acc,,2048,23.50644994,A100-SXM4-40GB,,,,0.4986014068,,,,,,,
ibkuroyagi,hearline,libricount-v1.0.0-hear2021-full,0.4979021013,0.01463476156,test_top1_acc,,512,14.05645061,A100-SXM4-40GB,,,,0.4979021013,,,,,,,
UDONS,embed,libricount-v1.0.0-hear2021-full,0.487937063,0.006838318339,test_top1_acc,,768,25.82672763,A100-SXM4-40GB,,,,0.487937063,,,,,,,
ID56-SSL,kwmlp,libricount-v1.0.0-hear2021-full,0.4505244732,0.0117861313,test_top1_acc,,1024,11.73002934,A100-SXM4-40GB,,,,0.4505244732,,,,,,,
AMAAI,my_model,libricount-v1.0.0-hear2021-full,0.4318181813,0.1041751196,test_top1_acc,,768,18.28606105,A100-SXM4-40GB,,,,0.4318181813,,,,,,,
ID56-SSL,audiomlp,libricount-v1.0.0-hear2021-full,0.3664335668,0.01372961731,test_top1_acc,,1584,14.18323898,A100-SXM4-40GB,,,,0.3664335668,,,,,,,
NTU-GURA,fusion_wav2vec2,gunshot_triangulation-v1.0-full,0.9672619104,0.04141790013,test_top1_acc,,1024,0.5509917736,A100-SXM4-40GB,,,,0.9672619104,,,,,,,
MARL + Soundsensing,openl3_hear,gunshot_triangulation-v1.0-full,0.9494047676,0.07202544627,test_top1_acc,,512,6.887979507,A100-SXM4-40GB,,,,0.9494047676,,,,,,,
CP-JKU,base,gunshot_triangulation-v1.0-full,0.9404761876,0.07926581889,test_top1_acc,,1295,0.3996260166,A100-SXM4-40GB,,,,0.9404761876,,,,,,,
CP-JKU,base2level,gunshot_triangulation-v1.0-full,0.9404761876,0.07926581889,test_top1_acc,,1295,1.114095211,A100-SXM4-40GB,,,,0.9404761876,,,,,,,
CP-JKU,base2levelmel,gunshot_triangulation-v1.0-full,0.9404761876,0.07926581889,test_top1_acc,,1295,0.8510417938,A100-SXM4-40GB,,,,0.9404761876,,,,,,,
NTU-GURA,fusion_cat_xwc,gunshot_triangulation-v1.0-full,0.9345238124,0.06743113602,test_top1_acc,,3072,1.172029972,A100-SXM4-40GB,,,,0.9345238124,,,,,,,
ID56-SSL,kwmlp,gunshot_triangulation-v1.0-full,0.9315476247,0.08897100511,test_top1_acc,,1024,0.3276026249,A100-SXM4-40GB,,,,0.9315476247,,,,,,,
NTU-GURA,hubert_xlarge,gunshot_triangulation-v1.0-full,0.9315476162,0.07484000491,test_top1_acc,,1280,0.6778120995,A100-SXM4-40GB,,,,0.9315476162,,,,,,,
NTU-GURA,fusion_hubert_xlarge,gunshot_triangulation-v1.0-full,0.9285714286,0.1012488188,test_top1_acc,,1280,0.8225781918,A100-SXM4-40GB,,,,0.9285714286,,,,,,,
Descript/MARL,wav2clip_hear,gunshot_triangulation-v1.0-full,0.9285714286,0.1012488188,test_top1_acc,,512,0.2604255676,A100-SXM4-40GB,,,,0.9285714286,,,,,,,
NTU-GURA,fusion_cat_xwc_time,gunshot_triangulation-v1.0-full,0.9047619019,0.1696167545,test_top1_acc,,15360,1.527486086,A100-SXM4-40GB,,,,0.9047619019,,,,,,,
NTU-GURA,cat_xwc,gunshot_triangulation-v1.0-full,0.8809523923,0.1510544867,test_top1_acc,,3072,1.130930662,A100-SXM4-40GB,,,,0.8809523923,,,,,,,
RedRice,efficient_latent,gunshot_triangulation-v1.0-full,0.8779761876,0.09654669376,test_top1_acc,,1408,0.5200009346,A100-SXM4-40GB,,,,0.8779761876,,,,,,,
NTU-GURA,cat_hubert_wav2vec2,gunshot_triangulation-v1.0-full,0.8690476162,0.1585316296,test_top1_acc,,2048,2.020176649,A100-SXM4-40GB,,,,0.8690476162,,,,,,,
UDONS,embed,gunshot_triangulation-v1.0-full,0.8660714286,0.1074867742,test_top1_acc,,768,0.6629185677,A100-SXM4-40GB,,,,0.8660714286,,,,,,,
HEAR,torchcrepe,gunshot_triangulation-v1.0-full,0.8630952409,0.1843316982,test_top1_acc,,2048,1.022548199,A100-SXM4-40GB,,,,0.8630952409,,,,,,,
NTU-GURA,avg_xwc,gunshot_triangulation-v1.0-full,0.8571428571,0.1715552915,test_top1_acc,,1024,2.377066135,A100-SXM4-40GB,,,,0.8571428571,,,,,,,
AMAAI,my_model,gunshot_triangulation-v1.0-full,0.8571428571,0.149955911,test_top1_acc,,768,0.3026683331,A100-SXM4-40GB,,,,0.8571428571,,,,,,,
Logitech AI,serab_byols,gunshot_triangulation-v1.0-full,0.8571428571,0.1845558103,test_top1_acc,,2048,0.411039114,A100-SXM4-40GB,,,,0.8571428571,,,,,,,
HEAR,wav2vec2,gunshot_triangulation-v1.0-full,0.8482142942,0.133243392,test_top1_acc,,1024,0.5282714367,A100-SXM4-40GB,,,,0.8482142942,,,,,,,
NTU-GURA,avg_hubert_crepe,gunshot_triangulation-v1.0-full,0.8452380938,0.2473403466,test_top1_acc,,1024,1.361605406,A100-SXM4-40GB,,,,0.8452380938,,,,,,,
NTU-GURA,cat_wc,gunshot_triangulation-v1.0-full,0.8333333305,0.1734721682,test_top1_acc,,2048,0.8908474445,A100-SXM4-40GB,,,,0.8333333305,,,,,,,
Stellenbosch LSL,audio_dbert,gunshot_triangulation-v1.0-full,0.8095238124,0.2024976393,test_top1_acc,,2048,0.482956171,A100-SXM4-40GB,,,,0.8095238124,,,,,,,
NTU-GURA,avg_hubert_wav2vec2,gunshot_triangulation-v1.0-full,0.8095238081,0.2024976367,test_top1_acc,,1024,0.7477459908,A100-SXM4-40GB,,,,0.8095238081,,,,,,,
CVSSP,panns_hear,gunshot_triangulation-v1.0-full,0.797619049,0.2584549138,test_top1_acc,,2048,2.497428179,A100-SXM4-40GB,,,,0.797619049,,,,,,,
ID56-SSL,audiomlp,gunshot_triangulation-v1.0-full,0.7857142857,0.1790997445,test_top1_acc,,1584,0.9954750538,A100-SXM4-40GB,,,,0.7857142857,,,,,,,
Soundsensing,yamnet_hear,gunshot_triangulation-v1.0-full,0.7321428571,0.1314474873,test_top1_acc,,1024,4.937106371,A100-SXM4-40GB,,,,0.7321428571,,,,,,,
AMAAI Lab,wav2vec2_ddsp,gunshot_triangulation-v1.0-full,0.5833333305,0.2678791888,test_top1_acc,,871,3.985046625,A100-SXM4-40GB,,,,0.5833333305,,,,,,,
ibkuroyagi,hearline,gunshot_triangulation-v1.0-full,0.5178571429,0.2095204354,test_top1_acc,,512,1.066734314,A100-SXM4-40GB,,,,0.5178571429,,,,,,,
CP-JKU,base,fsd50k-v1.0-full,0.6400519013,,test_mAP,,1295,19897.86365,A100-SXM4-40GB,,0.6400519013,2.643309832,,,,,,,,
RedRice,efficient_latent,fsd50k-v1.0-full,0.6070509553,,test_mAP,,1408,1612.988762,A100-SXM4-40GB,,0.6070509553,2.53813982,,,,,,,,
CP-JKU,base2levelmel,fsd50k-v1.0-full,0.5577561259,,test_mAP,,1295,17480.62352,A100-SXM4-40GB,,0.5577561259,2.311744213,,,,,,,,
CP-JKU,base2level,fsd50k-v1.0-full,0.5369621515,,test_mAP,,1295,22677.67855,A100-SXM4-40GB,,0.5369621515,2.291706562,,,,,,,,
Logitech AI,serab_byols,fsd50k-v1.0-full,0.5087932348,,test_mAP,,2048,281.1000671,A100-SXM4-40GB,,0.5087932348,2.218065977,,,,,,,,
MARL + Soundsensing,openl3_hear,fsd50k-v1.0-full,0.4469626248,,test_mAP,,512,2472.587715,A100-SXM4-40GB,,0.4469626248,2.116596222,,,,,,,,
NTU-GURA,fusion_cat_xwc,fsd50k-v1.0-full,0.4196793735,,test_mAP,,3072,7295.843215,A100-SXM4-40GB,,0.4196793735,2.051661015,,,,,,,,
NTU-GURA,fusion_hubert_xlarge,fsd50k-v1.0-full,0.413207829,,test_mAP,,1280,4802.243757,A100-SXM4-40GB,,0.413207829,2.079288244,,,,,,,,
NTU-GURA,fusion_wav2vec2,fsd50k-v1.0-full,0.4028018713,,test_mAP,,1024,2479.105307,A100-SXM4-40GB,,0.4028018713,2.016943693,,,,,,,,
NTU-GURA,fusion_cat_xwc_time,fsd50k-v1.0-full,0.3741652369,,test_mAP,,15360,6745.62784,A100-SXM4-40GB,,0.3741652369,1.837851167,,,,,,,,
Descript/MARL,wav2clip_hear,fsd50k-v1.0-full,0.3617107272,,test_mAP,,512,1235.699781,A100-SXM4-40GB,,0.3617107272,1.980348468,,,,,,,,
NTU-GURA,cat_hubert_wav2vec2,fsd50k-v1.0-full,0.3225435615,,test_mAP,,2048,5304.569582,A100-SXM4-40GB,,0.3225435615,1.856675744,,,,,,,,
NTU-GURA,avg_hubert_wav2vec2,fsd50k-v1.0-full,0.3177062571,,test_mAP,,1024,4880.286878,A100-SXM4-40GB,,0.3177062571,1.867573619,,,,,,,,
NTU-GURA,cat_xwc,fsd50k-v1.0-full,0.3143544495,,test_mAP,,3072,7091.229557,A100-SXM4-40GB,,0.3143544495,1.846766233,,,,,,,,
NTU-GURA,hubert_xlarge,fsd50k-v1.0-full,0.3136335611,,test_mAP,,1280,3899.242755,A100-SXM4-40GB,,0.3136335611,1.857774854,,,,,,,,
AMAAI Lab,wav2vec2_ddsp,fsd50k-v1.0-full,0.2678304315,,test_mAP,,871,11039.6456,A100-SXM4-40GB,,0.2678304315,1.820109725,,,,,,,,
NTU-GURA,avg_xwc,fsd50k-v1.0-full,0.2635831535,,test_mAP,,1024,7036.267408,A100-SXM4-40GB,,0.2635831535,1.684205413,,,,,,,,
Stellenbosch LSL,audio_dbert,fsd50k-v1.0-full,0.2634900212,,test_mAP,,2048,2404.03747,A100-SXM4-40GB,,0.2634900212,1.647295713,,,,,,,,
NTU-GURA,avg_hubert_crepe,fsd50k-v1.0-full,0.2527680695,,test_mAP,,1024,5155.350967,A100-SXM4-40GB,,0.2527680695,1.682909489,,,,,,,,
NTU-GURA,cat_wc,fsd50k-v1.0-full,0.2093197107,,test_mAP,,2048,2608.763043,A100-SXM4-40GB,,0.2093197107,1.478753924,,,,,,,,
AMAAI,my_model,fsd50k-v1.0-full,0.1980295628,,test_mAP,,768,885.5152791,A100-SXM4-40GB,,0.1980295628,1.66640377,,,,,,,,
ID56-SSL,kwmlp,fsd50k-v1.0-full,0.1867990792,,test_mAP,,1024,1473.821812,A100-SXM4-40GB,,0.1867990792,1.511278629,,,,,,,,
ibkuroyagi,hearline,fsd50k-v1.0-full,0.1780913174,,test_mAP,,512,1645.455321,A100-SXM4-40GB,,0.1780913174,1.39906621,,,,,,,,
HEAR,torchcrepe,fsd50k-v1.0-full,0.1592704058,,test_mAP,,2048,413.550015,A100-SXM4-40GB,,0.1592704058,1.45629251,,,,,,,,
HEAR,wav2vec2,fsd50k-v1.0-full,0.1163954884,,test_mAP,,1024,2628.409775,A100-SXM4-40GB,,0.1163954884,0.775048852,,,,,,,,
ID56-SSL,audiomlp,fsd50k-v1.0-full,0.0862403214,,test_mAP,,1584,1041.74085,A100-SXM4-40GB,,0.0862403214,0.9809460044,,,,,,,,
CVSSP,panns_hear,fsd50k-v1.0-full,,,test_mAP,Model exception during embedding,,,,,,,,,,,,,,
UDONS,embed,fsd50k-v1.0-full,,,test_mAP,Model exception during embedding,,,,,,,,,,,,,,
Soundsensing,yamnet_hear,fsd50k-v1.0-full,,,test_mAP,NaN in embeddings,,,,,,,,,,,,,,
CP-JKU,base,esc50-v2.0.0-full,0.9474999905,0.004999995232,test_top1_acc,,1295,14.12934136,A100-SXM4-40GB,,,,0.9474999905,,,,,,,
CP-JKU,base2level,esc50-v2.0.0-full,0.9474999905,0.004999995232,test_top1_acc,,1295,14.19416952,A100-SXM4-40GB,,,,0.9474999905,,,,,,,
CP-JKU,base2levelmel,esc50-v2.0.0-full,0.9474999905,0.004999995232,test_top1_acc,,1295,13.82347441,A100-SXM4-40GB,,,,0.9474999905,,,,,,,
RedRice,efficient_latent,esc50-v2.0.0-full,0.9345000029,0.01429596482,test_top1_acc,,1408,6.236679077,A100-SXM4-40GB,,,,0.9345000029,,,,,,,
CVSSP,panns_hear,esc50-v2.0.0-full,0.9085000038,0.01900658869,test_top1_acc,,2048,9.128854513,A100-SXM4-40GB,,,,0.9085000038,,,,,,,
Soundsensing,yamnet_hear,esc50-v2.0.0-full,0.8375,0.01879163427,test_top1_acc,,1024,24.88059497,A100-SXM4-40GB,,,,0.8375,,,,,,,
Logitech AI,serab_byols,esc50-v2.0.0-full,0.8049999952,0.02061553377,test_top1_acc,,2048,7.394893885,A100-SXM4-40GB,,,,0.8049999952,,,,,,,
Descript/MARL,wav2clip_hear,esc50-v2.0.0-full,0.7589999914,0.01376134582,test_top1_acc,,512,5.987656355,A100-SXM4-40GB,,,,0.7589999914,,,,,,,
MARL + Soundsensing,openl3_hear,esc50-v2.0.0-full,0.7505000114,0.0289071757,test_top1_acc,,512,91.81844306,A100-SXM4-40GB,,,,0.7505000114,,,,,,,
NTU-GURA,fusion_hubert_xlarge,esc50-v2.0.0-full,0.7434999943,0.02267983231,test_top1_acc,,1280,22.44629836,A100-SXM4-40GB,,,,0.7434999943,,,,,,,
NTU-GURA,fusion_cat_xwc,esc50-v2.0.0-full,0.7335000038,0.01825170791,test_top1_acc,,3072,38.06672645,A100-SXM4-40GB,,,,0.7335000038,,,,,,,
NTU-GURA,fusion_wav2vec2,esc50-v2.0.0-full,0.6950000048,0.0194454371,test_top1_acc,,1024,12.60668921,A100-SXM4-40GB,,,,0.6950000048,,,,,,,
NTU-GURA,fusion_cat_xwc_time,esc50-v2.0.0-full,0.6534999967,0.02288559441,test_top1_acc,,15360,41.95537066,A100-SXM4-40GB,,,,0.6534999967,,,,,,,
NTU-GURA,hubert_xlarge,esc50-v2.0.0-full,0.6034999967,0.04244848914,test_top1_acc,,1280,22.20639062,A100-SXM4-40GB,,,,0.6034999967,,,,,,,
NTU-GURA,avg_hubert_wav2vec2,esc50-v2.0.0-full,0.586500001,0.03165241043,test_top1_acc,,1024,21.98101807,A100-SXM4-40GB,,,,0.586500001,,,,,,,
NTU-GURA,cat_hubert_wav2vec2,esc50-v2.0.0-full,0.5859999895,0.01941327624,test_top1_acc,,2048,23.50309443,A100-SXM4-40GB,,,,0.5859999895,,,,,,,
HEAR,wav2vec2,esc50-v2.0.0-full,0.5610000014,0.01024694099,test_top1_acc,,1024,13.7396872,A100-SXM4-40GB,,,,0.5610000014,,,,,,,
Stellenbosch LSL,audio_dbert,esc50-v2.0.0-full,0.5315000057,0.03939383569,test_top1_acc,,2048,9.065181255,A100-SXM4-40GB,,,,0.5315000057,,,,,,,
NTU-GURA,cat_xwc,esc50-v2.0.0-full,0.5110000074,0.03421440401,test_top1_acc,,3072,42.01902533,A100-SXM4-40GB,,,,0.5110000074,,,,,,,
AMAAI,my_model,esc50-v2.0.0-full,0.5109999895,0.03851136683,test_top1_acc,,768,6.53548193,A100-SXM4-40GB,,,,0.5109999895,,,,,,,
NTU-GURA,avg_xwc,esc50-v2.0.0-full,0.4495000005,0.04385344103,test_top1_acc,,1024,37.54337311,A100-SXM4-40GB,,,,0.4495000005,,,,,,,
NTU-GURA,avg_hubert_crepe,esc50-v2.0.0-full,0.436500001,0.03489269513,test_top1_acc,,1024,27.80063415,A100-SXM4-40GB,,,,0.436500001,,,,,,,
ibkuroyagi,hearline,esc50-v2.0.0-full,0.4244999945,0.04483999558,test_top1_acc,,512,5.052965879,A100-SXM4-40GB,,,,0.4244999945,,,,,,,
UDONS,embed,esc50-v2.0.0-full,0.401000005,0.03895510585,test_top1_acc,,768,9.359147787,A100-SXM4-40GB,,,,0.401000005,,,,,,,
ID56-SSL,kwmlp,esc50-v2.0.0-full,0.3674999952,0.01530930968,test_top1_acc,,1024,4.163642883,A100-SXM4-40GB,,,,0.3674999952,,,,,,,
NTU-GURA,cat_wc,esc50-v2.0.0-full,0.3429999948,0.03739150655,test_top1_acc,,2048,17.59014869,A100-SXM4-40GB,,,,0.3429999948,,,,,,,
HEAR,torchcrepe,esc50-v2.0.0-full,0.3004999995,0.02885308111,test_top1_acc,,2048,8.448065758,A100-SXM4-40GB,,,,0.3004999995,,,,,,,
AMAAI Lab,wav2vec2_ddsp,esc50-v2.0.0-full,0.2795000046,0.03962323008,test_top1_acc,,871,246.7792256,A100-SXM4-40GB,,,,0.2795000046,,,,,,,
ID56-SSL,audiomlp,esc50-v2.0.0-full,0.1605000019,0.01242477498,test_top1_acc,,1584,5.247541904,A100-SXM4-40GB,,,,0.1605000019,,,,,,,
CP-JKU,base2levelmel,dcase2016_task2-hear2021-full,0.925373137,,test_event_onset_200ms_fms,,3358,,,,,,,0.925373137,0.09934497625,,,,,
CP-JKU,base2level,dcase2016_task2-hear2021-full,0.9131832719,,test_event_onset_200ms_fms,,2590,,,,,,,0.9131832719,0.1015283838,,,,,
MARL + Soundsensing,openl3_hear,dcase2016_task2-hear2021-full,0.8327796459,,test_event_onset_200ms_fms,,512,,,,,,,0.8327796459,0.1735807806,,,,,
NTU-GURA,fusion_cat_xwc,dcase2016_task2-hear2021-full,0.826040566,,test_event_onset_200ms_fms,,3072,,,,,,,0.826040566,0.1451965123,,,,,
NTU-GURA,fusion_cat_xwc_time,dcase2016_task2-hear2021-full,0.826040566,,test_event_onset_200ms_fms,,3072,,,,,,,0.826040566,0.1451965123,,,,,
NTU-GURA,fusion_hubert_xlarge,dcase2016_task2-hear2021-full,0.8259459734,,test_event_onset_200ms_fms,,1280,,Tesla V100-SXM2-16GB,,,,,0.8259459734,0.1495633125,,,,,
NTU-GURA,fusion_wav2vec2,dcase2016_task2-hear2021-full,0.7983104587,,test_event_onset_200ms_fms,,1024,,,,,,,0.7983104587,0.1626637578,,,,,
RedRice,efficient_latent,dcase2016_task2-hear2021-full,0.7900677323,,test_event_onset_200ms_fms,,1408,,Tesla V100-SXM2-16GB,,,,,0.7900677323,0.2314410508,,,,,
CP-JKU,base,dcase2016_task2-hear2021-full,0.7879418135,,test_event_onset_200ms_fms,,1295,,,,,,,0.7879418135,0.1932314187,,,,,
NTU-GURA,cat_xwc,dcase2016_task2-hear2021-full,0.680803597,,test_event_onset_200ms_fms,,3072,,,,,,,0.680803597,0.2871178985,,,,,
UDONS,embed,dcase2016_task2-hear2021-full,0.668156445,,test_event_onset_200ms_fms,,768,,,,,,,0.668156445,0.3100436628,,,,,
HEAR,wav2vec2,dcase2016_task2-hear2021-full,0.6629955769,,test_event_onset_200ms_fms,,1024,,,,,,,0.6629955769,0.2663755417,,,,,
Logitech AI,serab_byols,dcase2016_task2-hear2021-full,0.6421319842,,test_event_onset_200ms_fms,,2048,,,,,,,0.6421319842,0.382096082,,,,,
NTU-GURA,avg_xwc,dcase2016_task2-hear2021-full,0.6236323714,,test_event_onset_200ms_fms,,1024,,,,,,,0.6236323714,0.3329694271,,,,,
NTU-GURA,avg_hubert_crepe,dcase2016_task2-hear2021-full,0.610360384,,test_event_onset_200ms_fms,,1024,,Tesla V100-SXM2-16GB,,,,,0.610360384,0.3373362422,,,,,
NTU-GURA,cat_wc,dcase2016_task2-hear2021-full,0.585480094,,test_event_onset_200ms_fms,,2048,,,,,,,0.585480094,0.391921401,,,,,
NTU-GURA,hubert_xlarge,dcase2016_task2-hear2021-full,0.5841121674,,test_event_onset_200ms_fms,,1280,,,,,,,0.5841121674,0.3941048086,,,,,
ID56-SSL,kwmlp,dcase2016_task2-hear2021-full,0.5179487467,,test_event_onset_200ms_fms,,64,,,,,,,0.5179487467,0.5272925496,,,,,
AMAAI,my_model,dcase2016_task2-hear2021-full,0.5097588897,,test_event_onset_200ms_fms,,768,,,,,,,0.5097588897,0.4628821015,,,,,
AMAAI Lab,wav2vec2_ddsp,dcase2016_task2-hear2021-full,0.5070093274,,test_event_onset_200ms_fms,,871,,,,,,,0.5070093274,0.5021833777,,,,,
HEAR,torchcrepe,dcase2016_task2-hear2021-full,0.5037037134,,test_event_onset_200ms_fms,,2048,,,,,,,0.5037037134,0.4934498072,,,,,
NTU-GURA,cat_hubert_wav2vec2,dcase2016_task2-hear2021-full,0.4524421692,,test_event_onset_200ms_fms,,2048,,,,,,,0.4524421692,0.5742357969,,,,,
NTU-GURA,avg_hubert_wav2vec2,dcase2016_task2-hear2021-full,0.4169986844,,test_event_onset_200ms_fms,,1024,,,,,,,0.4169986844,0.5818777084,,,,,
Stellenbosch LSL,audio_dbert,dcase2016_task2-hear2021-full,0.2462006211,,test_event_onset_200ms_fms,,2048,,,,,,,0.2462006211,0.7467249036,,,,,
ID56-SSL,audiomlp,dcase2016_task2-hear2021-full,0.0522496365,,test_event_onset_200ms_fms,,8,,,,,,,0.0522496365,0.9650654793,,,,,
Soundsensing,yamnet_hear,dcase2016_task2-hear2021-full,0.008316008374,,test_event_onset_200ms_fms,,1024,,,,,,,0.008316008374,1.003275156,,,,,
CVSSP,panns_hear,dcase2016_task2-hear2021-full,0,,test_event_onset_200ms_fms,,2048,,Tesla V100-SXM2-16GB,,,,,0,1,,,,,
Descript/MARL,wav2clip_hear,dcase2016_task2-hear2021-full,0,,test_event_onset_200ms_fms,,512,,Tesla V100-SXM2-16GB,,,,,0,1,,,,,
ibkuroyagi,hearline,dcase2016_task2-hear2021-full,,,test_event_onset_200ms_fms,>= 16GB V100 GPU memory to embed,,,,,,,,,,,,,,
MARL + Soundsensing,openl3_hear,beijing_opera-v1.0-hear2021-full,0.9745567441,0.03497505794,test_top1_acc,,512,15.24196625,A100-SXM4-40GB,,,,0.9745567441,,,,,,,
NTU-GURA,fusion_cat_xwc,beijing_opera-v1.0-hear2021-full,0.9660461068,0.0441525814,test_top1_acc,,3072,4.517603636,A100-SXM4-40GB,,,,0.9660461068,,,,,,,
CP-JKU,base,beijing_opera-v1.0-hear2021-full,0.9659574509,0.03560255008,test_top1_acc,,1295,1.921561956,A100-SXM4-40GB,,,,0.9659574509,,,,,,,
CP-JKU,base2level,beijing_opera-v1.0-hear2021-full,0.9659574509,0.03560255008,test_top1_acc,,1295,1.931191206,A100-SXM4-40GB,,,,0.9659574509,,,,,,,
CP-JKU,base2levelmel,beijing_opera-v1.0-hear2021-full,0.9659574509,0.03560255008,test_top1_acc,,1295,2.17731905,A100-SXM4-40GB,,,,0.9659574509,,,,,,,
NTU-GURA,fusion_cat_xwc_time,beijing_opera-v1.0-hear2021-full,0.9617907882,0.02338897165,test_top1_acc,,15360,4.56708765,A100-SXM4-40GB,,,,0.9617907882,,,,,,,
RedRice,efficient_latent,beijing_opera-v1.0-hear2021-full,0.9534574509,0.03138410285,test_top1_acc,,1408,0.881714344,A100-SXM4-40GB,,,,0.9534574509,,,,,,,
Logitech AI,serab_byols,beijing_opera-v1.0-hear2021-full,0.9532801509,0.07124510142,test_top1_acc,,2048,0.9574959278,A100-SXM4-40GB,,,,0.9532801509,,,,,,,
NTU-GURA,fusion_hubert_xlarge,beijing_opera-v1.0-hear2021-full,0.9492907882,0.04111792806,test_top1_acc,,1280,3.370242596,A100-SXM4-40GB,,,,0.9492907882,,,,,,,
NTU-GURA,fusion_wav2vec2,beijing_opera-v1.0-hear2021-full,0.9448581576,0.05129753906,test_top1_acc,,1024,1.513314724,A100-SXM4-40GB,,,,0.9448581576,,,,,,,
NTU-GURA,avg_xwc,beijing_opera-v1.0-hear2021-full,0.9447695136,0.05755211934,test_top1_acc,,1024,4.468280315,A100-SXM4-40GB,,,,0.9447695136,,,,,,,
NTU-GURA,hubert_xlarge,beijing_opera-v1.0-hear2021-full,0.9446808577,0.04661468019,test_top1_acc,,1280,2.649218798,A100-SXM4-40GB,,,,0.9446808577,,,,,,,
NTU-GURA,avg_hubert_wav2vec2,beijing_opera-v1.0-hear2021-full,0.940514195,0.04103039462,test_top1_acc,,1024,2.595877647,A100-SXM4-40GB,,,,0.940514195,,,,,,,
Soundsensing,yamnet_hear,beijing_opera-v1.0-hear2021-full,0.940514195,0.06460113842,test_top1_acc,,1024,6.727377176,A100-SXM4-40GB,,,,0.940514195,,,,,,,
NTU-GURA,cat_xwc,beijing_opera-v1.0-hear2021-full,0.9363475204,0.03698199942,test_top1_acc,,3072,5.280609608,A100-SXM4-40GB,,,,0.9363475204,,,,,,,
Descript/MARL,wav2clip_hear,beijing_opera-v1.0-hear2021-full,0.9363475204,0.06025890286,test_top1_acc,,512,0.6276285648,A100-SXM4-40GB,,,,0.9363475204,,,,,,,
NTU-GURA,cat_hubert_wav2vec2,beijing_opera-v1.0-hear2021-full,0.9362588763,0.02623949142,test_top1_acc,,2048,2.778927565,A100-SXM4-40GB,,,,0.9362588763,,,,,,,
NTU-GURA,avg_hubert_crepe,beijing_opera-v1.0-hear2021-full,0.9322695136,0.03132833228,test_top1_acc,,1024,3.325276136,A100-SXM4-40GB,,,,0.9322695136,,,,,,,
HEAR,torchcrepe,beijing_opera-v1.0-hear2021-full,0.928102839,0.04370171824,test_top1_acc,,2048,1.397812605,A100-SXM4-40GB,,,,0.928102839,,,,,,,
ibkuroyagi,hearline,beijing_opera-v1.0-hear2021-full,0.928102839,0.04370171824,test_top1_acc,,512,1.357557535,A100-SXM4-40GB,,,,0.928102839,,,,,,,
UDONS,embed,beijing_opera-v1.0-hear2021-full,0.927925539,0.0243826525,test_top1_acc,,768,1.218287706,A100-SXM4-40GB,,,,0.927925539,,,,,,,
NTU-GURA,cat_wc,beijing_opera-v1.0-hear2021-full,0.9197695136,0.05412340416,test_top1_acc,,2048,2.220778704,A100-SXM4-40GB,,,,0.9197695136,,,,,,,
Stellenbosch LSL,audio_dbert,beijing_opera-v1.0-hear2021-full,0.9191489458,0.06092689088,test_top1_acc,,2048,1.158326387,A100-SXM4-40GB,,,,0.9191489458,,,,,,,
CVSSP,panns_hear,beijing_opera-v1.0-hear2021-full,0.9111702204,0.0546217249,test_top1_acc,,2048,0.9292366505,A100-SXM4-40GB,,,,0.9111702204,,,,,,,
ID56-SSL,kwmlp,beijing_opera-v1.0-hear2021-full,0.9109042645,0.05096746076,test_top1_acc,,1024,0.6020741463,A100-SXM4-40GB,,,,0.9109042645,,,,,,,
HEAR,wav2vec2,beijing_opera-v1.0-hear2021-full,0.9067376018,0.03239395844,test_top1_acc,,1024,2.341090441,A100-SXM4-40GB,,,,0.9067376018,,,,,,,
AMAAI,my_model,beijing_opera-v1.0-hear2021-full,0.8260638356,0.07915530646,test_top1_acc,,768,1.135761976,A100-SXM4-40GB,,,,0.8260638356,,,,,,,
ID56-SSL,audiomlp,beijing_opera-v1.0-hear2021-full,0.728368783,0.0709042599,test_top1_acc,,1584,1.090444565,A100-SXM4-40GB,,,,0.728368783,,,,,,,
AMAAI Lab,wav2vec2_ddsp,beijing_opera-v1.0-hear2021-full,0.6349290729,0.1418666852,test_top1_acc,,871,28.10580134,A100-SXM4-40GB,,,,0.6349290729,,,,,,,
UDONS,embed,beehive_states-v2-full,0.8779658377,,test_aucroc,,768,545.9809772,A100-SXM4-40GB,0.8779658377,,,0.684027791,,,,,,,
Descript/MARL,wav2clip_hear,beehive_states-v2-full,0.7697964907,,test_aucroc,,512,127.884232,A100-SXM4-40GB,0.7697964907,,,0.684027791,,,,,,,
ID56-SSL,kwmlp,beehive_states-v2-full,0.7596691549,,test_aucroc,,1024,96.64157581,A100-SXM4-40GB,0.7596691549,,,0.5520833135,,,,,,,
Stellenbosch LSL,audio_dbert,beehive_states-v2-full,0.6972415149,,test_aucroc,,2048,1007.527039,A100-SXM4-40GB,0.6972415149,,,0.5815972388,,,,,,,
MARL + Soundsensing,openl3_hear,beehive_states-v2-full,0.6040219963,,test_aucroc,,512,770.5824625,A100-SXM4-40GB,0.6040219963,,,0.4982638955,,,,,,,
HEAR,torchcrepe,beehive_states-v2-full,0.5931954086,,test_aucroc,,2048,192.7297372,A100-SXM4-40GB,0.5931954086,,,0.5347222239,,,,,,,
Logitech AI,serab_byols,beehive_states-v2-full,0.5486593246,,test_aucroc,,2048,79.70228255,A100-SXM4-40GB,0.5486593246,,,0.5243055522,,,,,,,
ID56-SSL,audiomlp,beehive_states-v2-full,0.5352527052,,test_aucroc,,1584,82.11967564,A100-SXM4-40GB,0.5352527052,,,0.5,,,,,,,
RedRice,efficient_latent,beehive_states-v2-full,0.5331790149,,test_aucroc,,1408,83.54809093,A100-SXM4-40GB,0.5331790149,,,0.5677083433,,,,,,,
Soundsensing,yamnet_hear,beehive_states-v2-full,0.4664834142,,test_aucroc,,1024,129.7781471,A100-SXM4-40GB,0.4664834142,,,0.4791666716,,,,,,,
CVSSP,panns_hear,beehive_states-v2-full,0.4457465112,,test_aucroc,,2048,241.5767146,A100-SXM4-40GB,0.4457465112,,,0.4288194478,,,,,,,
NTU-GURA,avg_hubert_crepe,beehive_states-v2-full,,,test_aucroc,>= 40GB A100 GPU memory to embed,,,,,,,,,,,,,,
NTU-GURA,avg_hubert_wav2vec2,beehive_states-v2-full,,,test_aucroc,>= 40GB A100 GPU memory to embed,,,,,,,,,,,,,,
NTU-GURA,avg_xwc,beehive_states-v2-full,,,test_aucroc,>= 40GB A100 GPU memory to embed,,,,,,,,,,,,,,
NTU-GURA,cat_hubert_wav2vec2,beehive_states-v2-full,,,test_aucroc,>= 40GB A100 GPU memory to embed,,,,,,,,,,,,,,
NTU-GURA,cat_wc,beehive_states-v2-full,,,test_aucroc,>= 40GB A100 GPU memory to embed,,,,,,,,,,,,,,
NTU-GURA,cat_xwc,beehive_states-v2-full,,,test_aucroc,>= 40GB A100 GPU memory to embed,,,,,,,,,,,,,,
NTU-GURA,fusion_cat_xwc,beehive_states-v2-full,,,test_aucroc,>= 40GB A100 GPU memory to embed,,,,,,,,,,,,,,
NTU-GURA,fusion_cat_xwc_time,beehive_states-v2-full,,,test_aucroc,>= 40GB A100 GPU memory to embed,,,,,,,,,,,,,,
NTU-GURA,fusion_hubert_xlarge,beehive_states-v2-full,,,test_aucroc,>= 40GB A100 GPU memory to embed,,,,,,,,,,,,,,
NTU-GURA,fusion_wav2vec2,beehive_states-v2-full,,,test_aucroc,>= 40GB A100 GPU memory to embed,,,,,,,,,,,,,,
NTU-GURA,hubert_xlarge,beehive_states-v2-full,,,test_aucroc,>= 40GB A100 GPU memory to embed,,,,,,,,,,,,,,
CP-JKU,base,beehive_states-v2-full,,,test_aucroc,>= 20 A100-GPU hours to embed,,,,,,,,,,,,,,
CP-JKU,base2level,beehive_states-v2-full,,,test_aucroc,>= 20 A100-GPU hours to embed,,,,,,,,,,,,,,
CP-JKU,base2levelmel,beehive_states-v2-full,,,test_aucroc,>= 20 A100-GPU hours to embed,,,,,,,,,,,,,,
HEAR,wav2vec2,beehive_states-v2-full,,,test_aucroc,>= 40GB A100 GPU memory to embed,,,,,,,,,,,,,,
ibkuroyagi,hearline,beehive_states-v2-full,,,test_aucroc,>= 40GB A100 GPU memory to embed,,,,,,,,,,,,,,
AMAAI,my_model,beehive_states-v2-full,,,test_aucroc,>= 40GB A100 GPU memory to embed,,,,,,,,,,,,,,
AMAAI Lab,wav2vec2_ddsp,beehive_states-v2-full,,,test_aucroc,>= 40GB A100 GPU memory to embed,,,,,,,,,,,,,,